,Step,HORSE penalty,CONOP penalty,Spearmans rho of horizon,Spearmans rho p-value of horizon,Kendalls tau of horizon,Kendalls tau p-value of horizon,Kruskal s^2 of horizon,Spearmans rho of event,Spearmans rho p-value of event,Kendalls tau of event,Kendalls tau p-value of event,Kruskal s^2 of event
0,1,29651.0,34932.0,0.6480518009620975,6.5108806842190265e-195,0.48044370385137647,7.802037462375607e-186,0.5106470084334794,0.6601884732913847,4.267533381845579e-262,0.48422493560218477,1.3258149829146817e-241,0.49679628781775886
1,2,28412.0,33803.0,0.6628315410263214,6.115143730973422e-207,0.4993308332048162,1.4481105495481548e-200,0.48265913085484424,0.6764026459183297,6.948833190340721e-280,0.5040412658091264,1.3234131298469523e-261,0.4664357101233544
2,3,27495.0,31878.0,0.6750835241545472,1.914334045319129e-217,0.5064159516725408,3.0793215062547424e-206,0.4752345593778211,0.7152222035274267,0.0,0.542278525923264,1.8418411090040005e-302,0.41292340123050997
3,4,27213.0,31713.0,0.6616718139900845,5.688339823394683e-206,0.49743354410143953,4.636975492195636e-199,0.4870593786425043,0.6935415195410499,5.6305166128632865e-300,0.5196265886851873,6.741663276308603e-278,0.44409975010155067
4,5,26730.0,31396.0,0.6611434315425532,1.5661828739703876e-205,0.49677302870383255,1.5452149863253998e-198,0.48736252030100663,0.7115700728196022,1e-322,0.5359443595560689,1.735174157875947e-295,0.4205575914182565
5,6,25709.0,30027.0,0.6897093091693088,1.1362372579859357e-230,0.5212090892335237,2.443330454431901e-218,0.45124607151057616,0.752643353265618,0.0,0.5772814932063391,0.0,0.36184786229574234
6,7,24666.0,28710.0,0.6801857909755967,5.698036191104816e-222,0.5155728917860621,1.0946342045738221e-213,0.4601875156549204,0.764631017685419,0.0,0.5956887068589503,0.0,0.34212569096750306
7,8,24666.0,28710.0,0.6801857909755967,5.698036191104816e-222,0.5155728917860621,1.0946342045738221e-213,0.4601875156549204,0.764631017685419,0.0,0.5956887068589503,0.0,0.34212569096750306
8,9,24666.0,28710.0,0.6801857909755967,5.698036191104816e-222,0.5155728917860621,1.0946342045738221e-213,0.4601875156549204,0.764631017685419,0.0,0.5956887068589503,0.0,0.34212569096750306
9,10,24240.0,28519.0,0.6827080550485553,3.0472858147737433e-224,0.5174957589344488,2.871374135693072e-215,0.4597835145914366,0.7549074330871264,0.0,0.5851171322420682,0.0,0.35557010443535336
10,11,23240.0,27296.0,0.7038412149925402,3.191448681050416e-244,0.5376136436301264,3.6547340562496914e-232,0.4310195234336247,0.7825488120443652,0.0,0.6166782340413663,0.0,0.3165986178798282
11,12,22884.0,26669.0,0.7046555360868378,4.995052067976344e-245,0.5373774228615061,5.8205981182412074e-232,0.4310836954720264,0.7787948940139373,0.0,0.60896238362901,0.0,0.32393228929947865
12,13,22884.0,26669.0,0.7046555360868378,4.995052067976344e-245,0.5373774228615061,5.8205981182412074e-232,0.4310836954720264,0.7787948940139373,0.0,0.60896238362901,0.0,0.32393228929947865
13,14,22884.0,26669.0,0.7046555360868378,4.995052067976344e-245,0.5373774228615061,5.8205981182412074e-232,0.4310836954720264,0.7787948940139373,0.0,0.60896238362901,0.0,0.32393228929947865
14,15,22884.0,26669.0,0.7046555360868378,4.995052067976344e-245,0.5373774228615061,5.8205981182412074e-232,0.4310836954720264,0.7787948940139373,0.0,0.60896238362901,0.0,0.32393228929947865
15,16,22884.0,26669.0,0.7046555360868378,4.995052067976344e-245,0.5373774228615061,5.8205981182412074e-232,0.4310836954720264,0.7787948940139373,0.0,0.60896238362901,0.0,0.32393228929947865
16,17,22824.0,26641.0,0.7265056501812922,1.0051092538680247e-267,0.5604127092791881,4.3512908630984364e-252,0.39867847723577315,0.7868310345897688,0.0,0.6223348174320794,0.0,0.30780382745739876
17,18,22342.0,26192.0,0.7323575600492179,3.505614904734419e-274,0.5613244913542446,6.677760035137548e-253,0.3952633691616253,0.8077205888660584,0.0,0.6416271867138872,0.0,0.28270403697108476
18,19,22296.0,26219.0,0.7212099328001035,5.042310244915183e-262,0.5537248028045574,3.7052842148456457e-246,0.40649156274101406,0.7926050233527394,0.0,0.6257977145062195,0.0,0.30198092098821866
19,20,22296.0,26219.0,0.7212099328001035,5.042310244915183e-262,0.5537248028045574,3.7052842148456457e-246,0.40649156274101406,0.7926050233527394,0.0,0.6257977145062195,0.0,0.30198092098821866
20,21,22136.0,25725.0,0.7219765439812936,7.685222673068677e-263,0.5615561983502161,4.145390492720551e-253,0.3986410036520286,0.8069921096069168,0.0,0.6519436389954947,0.0,0.2758064884094667
21,22,22136.0,25725.0,0.7219765439812936,7.685222673068677e-263,0.5615561983502161,4.145390492720551e-253,0.3986410036520286,0.8069921096069168,0.0,0.6519436389954947,0.0,0.2758064884094667
22,23,21399.0,25095.0,0.7307595821972382,2.1133588184960243e-272,0.566238485177899,2.599869239156198e-257,0.39261256354948376,0.8036918280257757,0.0,0.6452638230127662,0.0,0.28009423754369905
23,24,21399.0,25095.0,0.7307595821972382,2.1133588184960243e-272,0.566238485177899,2.599869239156198e-257,0.39261256354948376,0.8036918280257757,0.0,0.6452638230127662,0.0,0.28009423754369905
24,25,21210.0,24842.0,0.7257246762419126,7.100566312447358e-267,0.5619804929792027,1.7305042722598124e-253,0.40058427547146475,0.8043482500915775,0.0,0.6455143732631793,0.0,0.28312074991558556
25,26,21210.0,24842.0,0.7257246762419126,7.100566312447358e-267,0.5619804929792027,1.7305042722598124e-253,0.40058427547146475,0.8043482500915775,0.0,0.6455143732631793,0.0,0.28312074991558556
26,27,21009.0,24251.0,0.7423321153153855,1.3641369982085942e-285,0.5769722365367327,4.460081544047943e-267,0.377796819709495,0.8358032904444118,0.0,0.676723424528138,0.0,0.24341583894909102
27,28,21009.0,24251.0,0.7423321153153855,1.3641369982085942e-285,0.5769722365367327,4.460081544047943e-267,0.377796819709495,0.8358032904444118,0.0,0.676723424528138,0.0,0.24341583894909102
28,29,21009.0,24251.0,0.7423321153153855,1.3641369982085942e-285,0.5769722365367327,4.460081544047943e-267,0.377796819709495,0.8358032904444118,0.0,0.676723424528138,0.0,0.24341583894909102
29,30,19183.0,22524.0,0.7492601561544073,7.823552699055013e-294,0.5912613361519335,2.317287300832955e-280,0.361875641638101,0.8330140923683097,0.0,0.6841000262437671,0.0,0.23955634368305656
30,31,19183.0,22524.0,0.7492601561544073,7.823552699055013e-294,0.5912613361519335,2.317287300832955e-280,0.361875641638101,0.8330140923683097,0.0,0.6841000262437671,0.0,0.23955634368305656
31,32,19183.0,22524.0,0.7492601561544073,7.823552699055013e-294,0.5912613361519335,2.317287300832955e-280,0.361875641638101,0.8330140923683097,0.0,0.6841000262437671,0.0,0.23955634368305656
32,33,19183.0,22524.0,0.7492601561544073,7.823552699055013e-294,0.5912613361519335,2.317287300832955e-280,0.361875641638101,0.8330140923683097,0.0,0.6841000262437671,0.0,0.23955634368305656
33,34,19183.0,22524.0,0.7492601561544073,7.823552699055013e-294,0.5912613361519335,2.317287300832955e-280,0.361875641638101,0.8330140923683097,0.0,0.6841000262437671,0.0,0.23955634368305656
34,35,19183.0,22524.0,0.7492601561544073,7.823552699055013e-294,0.5912613361519335,2.317287300832955e-280,0.361875641638101,0.8330140923683097,0.0,0.6841000262437671,0.0,0.23955634368305656
35,36,19183.0,22524.0,0.7492601561544073,7.823552699055013e-294,0.5912613361519335,2.317287300832955e-280,0.361875641638101,0.8330140923683097,0.0,0.6841000262437671,0.0,0.23955634368305656
36,37,18617.0,22131.0,0.7537113168024524,2.843752321352469e-299,0.5939169390603077,7.250238851789584e-283,0.3592321243644779,0.8411562052644406,0.0,0.6885294620576393,0.0,0.23337576953039707
37,38,18617.0,22131.0,0.7537113168024524,2.843752321352469e-299,0.5939169390603077,7.250238851789584e-283,0.3592321243644779,0.8411562052644406,0.0,0.6885294620576393,0.0,0.23337576953039707
38,39,18617.0,22131.0,0.7537113168024524,2.843752321352469e-299,0.5939169390603077,7.250238851789584e-283,0.3592321243644779,0.8411562052644406,0.0,0.6885294620576393,0.0,0.23337576953039707
39,40,18617.0,22131.0,0.7537113168024524,2.843752321352469e-299,0.5939169390603077,7.250238851789584e-283,0.3592321243644779,0.8411562052644406,0.0,0.6885294620576393,0.0,0.23337576953039707
40,41,18617.0,22131.0,0.7537113168024524,2.843752321352469e-299,0.5939169390603077,7.250238851789584e-283,0.3592321243644779,0.8411562052644406,0.0,0.6885294620576393,0.0,0.23337576953039707
41,42,17856.0,20872.0,0.7563929264536063,1.3189961918787753e-302,0.6024464647756467,5.494648709433203e-291,0.35226475253011325,0.8488296128360854,0.0,0.7129571970559431,0.0,0.2149388672130158
42,43,17856.0,20872.0,0.7563929264536063,1.3189961918787753e-302,0.6024464647756467,5.494648709433203e-291,0.35226475253011325,0.8488296128360854,0.0,0.7129571970559431,0.0,0.2149388672130158
43,44,17856.0,20872.0,0.7563929264536063,1.3189961918787753e-302,0.6024464647756467,5.494648709433203e-291,0.35226475253011325,0.8488296128360854,0.0,0.7129571970559431,0.0,0.2149388672130158
44,45,17499.0,20591.0,0.7776035866570226,0.0,0.6228261482849544,0.0,0.32204126789126897,0.8504593266961541,0.0,0.7098966434496198,0.0,0.21252024648709406
45,46,17499.0,20591.0,0.7776035866570226,0.0,0.6228261482849544,0.0,0.32204126789126897,0.8504593266961541,0.0,0.7098966434496198,0.0,0.21252024648709406
46,47,17499.0,20591.0,0.7776035866570226,0.0,0.6228261482849544,0.0,0.32204126789126897,0.8504593266961541,0.0,0.7098966434496198,0.0,0.21252024648709406
47,48,17499.0,20591.0,0.7776035866570226,0.0,0.6228261482849544,0.0,0.32204126789126897,0.8504593266961541,0.0,0.7098966434496198,0.0,0.21252024648709406
48,49,17499.0,20591.0,0.7776035866570226,0.0,0.6228261482849544,0.0,0.32204126789126897,0.8504593266961541,0.0,0.7098966434496198,0.0,0.21252024648709406
49,50,17499.0,20591.0,0.7776035866570226,0.0,0.6228261482849544,0.0,0.32204126789126897,0.8504593266961541,0.0,0.7098966434496198,0.0,0.21252024648709406
50,51,16674.0,19709.0,0.7825125246127836,0.0,0.6268449105332646,0.0,0.3188292912970084,0.8632056723487607,0.0,0.7251957538133473,0.0,0.198530899927829
51,52,16674.0,19709.0,0.7825125246127836,0.0,0.6268449105332646,0.0,0.3188292912970084,0.8632056723487607,0.0,0.7251957538133473,0.0,0.198530899927829
52,53,16674.0,19709.0,0.7825125246127836,0.0,0.6268449105332646,0.0,0.3188292912970084,0.8632056723487607,0.0,0.7251957538133473,0.0,0.198530899927829
53,54,16554.0,19339.0,0.7863763361264884,0.0,0.6304965526061395,0.0,0.31495734563262423,0.8723597184741958,0.0,0.7299406634826667,0.0,0.19037893586651222
54,55,16554.0,19339.0,0.7863763361264884,0.0,0.6304965526061395,0.0,0.31495734563262423,0.8723597184741958,0.0,0.7299406634826667,0.0,0.19037893586651222
55,56,16554.0,19339.0,0.7863763361264884,0.0,0.6304965526061395,0.0,0.31495734563262423,0.8723597184741958,0.0,0.7299406634826667,0.0,0.19037893586651222
56,57,16507.0,19320.0,0.7979979482248152,0.0,0.640177090346921,0.0,0.3034272284849667,0.8851647628808943,0.0,0.741949701580021,0.0,0.17508812978509142
57,58,16400.0,19304.0,0.7972540663228087,0.0,0.642485132761338,0.0,0.30129051113097916,0.8860224488650198,0.0,0.7417000657465802,0.0,0.1751068441217502
58,59,15918.0,18830.0,0.795227899606616,0.0,0.6442154122767093,0.0,0.299936793777662,0.8772693538295272,0.0,0.7448163987882146,0.0,0.17863140050739285
59,60,15575.0,18567.0,0.8048271922055114,0.0,0.6522920561362858,0.0,0.2886029544115541,0.8825683918831004,0.0,0.7500962423863358,0.0,0.1718704842363191
60,61,15575.0,18567.0,0.8048271922055114,0.0,0.6522920561362858,0.0,0.2886029544115541,0.8825683918831004,0.0,0.7500962423863358,0.0,0.1718704842363191
61,62,15379.0,17974.0,0.8002869675214146,0.0,0.6464512343287456,0.0,0.29469415416986816,0.8891044381876972,0.0,0.7520028017736031,0.0,0.16819184616721086
62,63,15379.0,17974.0,0.8002869675214146,0.0,0.6464512343287456,0.0,0.29469415416986816,0.8891044381876972,0.0,0.7520028017736031,0.0,0.16819184616721086
63,64,15379.0,17974.0,0.8002869675214146,0.0,0.6464512343287456,0.0,0.29469415416986816,0.8891044381876972,0.0,0.7520028017736031,0.0,0.16819184616721086
64,65,15379.0,17974.0,0.8002869675214146,0.0,0.6464512343287456,0.0,0.29469415416986816,0.8891044381876972,0.0,0.7520028017736031,0.0,0.16819184616721086
65,66,15379.0,17974.0,0.8002869675214146,0.0,0.6464512343287456,0.0,0.29469415416986816,0.8891044381876972,0.0,0.7520028017736031,0.0,0.16819184616721086
66,67,14756.0,17675.0,0.8046257402089302,0.0,0.6527058186290919,0.0,0.28848623872891466,0.8934916631510218,0.0,0.7639350288452834,0.0,0.1580963748908313
67,68,14756.0,17675.0,0.8046257402089302,0.0,0.6527058186290919,0.0,0.28848623872891466,0.8934916631510218,0.0,0.7639350288452834,0.0,0.1580963748908313
68,69,14785.0,17811.0,0.8153353655635879,0.0,0.6648237936002226,0.0,0.2727636685632627,0.8895654563804932,0.0,0.7642047818521149,0.0,0.15927821316020255
69,70,14785.0,17811.0,0.8153353655635879,0.0,0.6648237936002226,0.0,0.2727636685632627,0.8895654563804932,0.0,0.7642047818521149,0.0,0.15927821316020255
70,71,14304.0,17023.0,0.8178013927865047,0.0,0.6727921069162281,0.0,0.2672978146781436,0.8968640451779061,0.0,0.7727070308606584,0.0,0.15129499057820975
71,72,14070.0,16724.0,0.8238912631062589,0.0,0.6767205937115623,0.0,0.2608880924023696,0.9096807939470931,0.0,0.7822910351474452,0.0,0.13832100306063463
72,73,14070.0,16724.0,0.8238912631062589,0.0,0.6767205937115623,0.0,0.2608880924023696,0.9096807939470931,0.0,0.7822910351474452,0.0,0.13832100306063463
73,74,13519.0,15833.0,0.820822608513639,0.0,0.6764723362158787,0.0,0.2631667778035195,0.9162577517825651,0.0,0.7934908142243047,0.0,0.1284602366916832
74,75,13519.0,15833.0,0.820822608513639,0.0,0.6764723362158787,0.0,0.2631667778035195,0.9162577517825651,0.0,0.7934908142243047,0.0,0.1284602366916832
75,76,13519.0,15833.0,0.820822608513639,0.0,0.6764723362158787,0.0,0.2631667778035195,0.9162577517825651,0.0,0.7934908142243047,0.0,0.1284602366916832
76,77,13398.0,15897.0,0.8244960173700594,0.0,0.6810839072720638,0.0,0.2571992538355199,0.9181116939657902,0.0,0.7941299916879497,0.0,0.12647023797452164
77,78,13111.0,15641.0,0.8218769948275264,0.0,0.6788285255385494,0.0,0.2599619715334519,0.9229074221508216,0.0,0.8009460557995525,0.0,0.11898904276271244
78,79,13111.0,15641.0,0.8218769948275264,0.0,0.6788285255385494,0.0,0.2599619715334519,0.9229074221508216,0.0,0.8009460557995525,0.0,0.11898904276271244
79,80,13111.0,15641.0,0.8218769948275264,0.0,0.6788285255385494,0.0,0.2599619715334519,0.9229074221508216,0.0,0.8009460557995525,0.0,0.11898904276271244
80,81,13111.0,15641.0,0.8218769948275264,0.0,0.6788285255385494,0.0,0.2599619715334519,0.9229074221508216,0.0,0.8009460557995525,0.0,0.11898904276271244
81,82,12739.0,15239.0,0.8304767080480789,0.0,0.6932530383332143,0.0,0.24605858762750024,0.9209458928909042,0.0,0.8026715606263025,0.0,0.11979396249355484
82,83,12560.0,14909.0,0.8267037417405153,0.0,0.6865169849503296,0.0,0.25231987241085846,0.9199216956392258,0.0,0.7996594711195116,0.0,0.12212560748090055
83,84,12568.0,14886.0,0.8366549924427499,0.0,0.6985958405585041,0.0,0.24007154905774075,0.9195120573696,0.0,0.7997792597428842,0.0,0.12251266100237329
84,85,12126.0,14410.0,0.8433815895825668,0.0,0.7042109737336046,0.0,0.2316960260704589,0.9255235280406635,0.0,0.8069199418796573,0.0,0.11462116880115432
85,86,11870.0,14319.0,0.8494712248099957,0.0,0.7087412968821115,0.0,0.2240828655874778,0.9331929354203359,0.0,0.813497343161487,0.0,0.10492166356469651
86,87,11870.0,14319.0,0.8494712248099957,0.0,0.7087412968821115,0.0,0.2240828655874778,0.9331929354203359,0.0,0.813497343161487,0.0,0.10492166356469651
87,88,11870.0,14319.0,0.8494712248099957,0.0,0.7087412968821115,0.0,0.2240828655874778,0.9331929354203359,0.0,0.813497343161487,0.0,0.10492166356469651
88,89,11638.0,13724.0,0.8524619144901175,0.0,0.7163169119776719,0.0,0.21766015726175442,0.9364505019764493,0.0,0.8183391810298712,0.0,0.09863418776555061
89,90,11376.0,13675.0,0.8530800468901324,0.0,0.716816436150805,0.0,0.21586275165747004,0.9408368382994864,0.0,0.8255905076202938,0.0,0.09296923905564378
90,91,11168.0,13313.0,0.8561972992151127,0.0,0.7209886666691743,0.0,0.21174961290990696,0.9395127026692446,0.0,0.8256225122143247,0.0,0.09332226059567042
91,92,11168.0,13313.0,0.8561972992151127,0.0,0.7209886666691743,0.0,0.21174961290990696,0.9395127026692446,0.0,0.8256225122143247,0.0,0.09332226059567042
92,93,11168.0,13313.0,0.8561972992151127,0.0,0.7209886666691743,0.0,0.21174961290990696,0.9395127026692446,0.0,0.8256225122143247,0.0,0.09332226059567042
93,94,10318.0,12158.0,0.8723946930203135,0.0,0.7453600297908994,0.0,0.18864848486177976,0.9491855757906013,0.0,0.8415397684513343,0.0,0.07877449598178243
94,95,10318.0,12158.0,0.8723946930203135,0.0,0.7453600297908994,0.0,0.18864848486177976,0.9491855757906013,0.0,0.8415397684513343,0.0,0.07877449598178243
95,96,10318.0,12158.0,0.8723946930203135,0.0,0.7453600297908994,0.0,0.18864848486177976,0.9491855757906013,0.0,0.8415397684513343,0.0,0.07877449598178243
96,97,10118.0,11962.0,0.8726891724329744,0.0,0.743566557458445,0.0,0.18825673480286717,0.9501476363774589,0.0,0.8428565288914615,0.0,0.07821841787819357
97,98,9817.0,11649.0,0.8761005639781916,0.0,0.7457527280113445,0.0,0.18616950321280576,0.9511818288663533,0.0,0.8481574040799456,0.0,0.0765828197194349
98,99,9690.0,11348.0,0.8784360264551332,0.0,0.7452306349749673,0.0,0.18333369471007294,0.9564545943615751,0.0,0.8522750237062601,0.0,0.06956974662868887
99,100,9690.0,11348.0,0.8784360264551332,0.0,0.7452306349749673,0.0,0.18333369471007294,0.9564545943615751,0.0,0.8522750237062601,0.0,0.06956974662868887
100,101,9690.0,11348.0,0.8784360264551332,0.0,0.7452306349749673,0.0,0.18333369471007294,0.9564545943615751,0.0,0.8522750237062601,0.0,0.06956974662868887
101,102,9414.0,11287.0,0.8852355105132184,0.0,0.7563074330551094,0.0,0.1737156375801339,0.955066732213019,0.0,0.8495528043796915,0.0,0.07154972350970791
102,103,9414.0,11287.0,0.8852355105132184,0.0,0.7563074330551094,0.0,0.1737156375801339,0.955066732213019,0.0,0.8495528043796915,0.0,0.07154972350970791
103,104,9398.0,11302.0,0.8929550159409192,0.0,0.7671239369125042,0.0,0.16227077435777812,0.9565911867621043,0.0,0.8530266744574992,0.0,0.06937330878519869
104,105,9133.0,10912.0,0.897316191544155,0.0,0.7706567163056275,0.0,0.15633357935279676,0.9617227816554337,0.0,0.8589146053422069,0.0,0.06268880519444081
105,106,8797.0,10538.0,0.899278794827128,0.0,0.7767683644720954,0.0,0.1516972326974969,0.9626044556846053,0.0,0.8629718734483487,0.0,0.06052133273769263
106,107,8797.0,10538.0,0.899278794827128,0.0,0.7767683644720954,0.0,0.1516972326974969,0.9626044556846053,0.0,0.8629718734483487,0.0,0.06052133273769263
107,108,8765.0,10436.0,0.9038349034550498,0.0,0.7822164880591906,0.0,0.1463556264184718,0.965203977554451,0.0,0.8676006521621847,0.0,0.05664787099309526
108,109,8683.0,10369.0,0.90800830113767,0.0,0.7847035767886764,0.0,0.14134179185868648,0.9654131238956195,0.0,0.8662006797775772,0.0,0.056864671446756186
109,110,8538.0,10253.0,0.9107949417424623,0.0,0.7900839937860397,0.0,0.13772917236885351,0.9641888226764349,0.0,0.8657681605496743,0.0,0.058730453209653054
110,111,8538.0,10253.0,0.9107949417424623,0.0,0.7900839937860397,0.0,0.13772917236885351,0.9641888226764349,0.0,0.8657681605496743,0.0,0.058730453209653054
111,112,8488.0,10264.0,0.9117611877948474,0.0,0.7908092065916126,0.0,0.1350086539281984,0.9663573159971689,0.0,0.8703841374258979,0.0,0.054719338877262824
112,113,8237.0,9831.0,0.914759190229187,0.0,0.7950581712450113,0.0,0.1316595244350841,0.9690000614354515,0.0,0.8781036455061435,0.0,0.050826818394446555
113,114,8237.0,9831.0,0.914759190229187,0.0,0.7950581712450113,0.0,0.1316595244350841,0.9690000614354515,0.0,0.8781036455061435,0.0,0.050826818394446555
114,115,8237.0,9831.0,0.914759190229187,0.0,0.7950581712450113,0.0,0.1316595244350841,0.9690000614354515,0.0,0.8781036455061435,0.0,0.050826818394446555
115,116,7726.0,9383.0,0.9178689168339603,0.0,0.7992785486716343,0.0,0.12734756048613738,0.9689891959074529,0.0,0.8789503956225031,0.0,0.05094258470792879
116,117,7662.0,9267.0,0.9200083123114698,0.0,0.8050667097982719,0.0,0.12322897240808887,0.9714558345980282,0.0,0.8828092352456536,0.0,0.046929689435950044
117,118,7424.0,9008.0,0.9208743205278637,0.0,0.8057783812858985,0.0,0.1218389036939765,0.9685162806823718,0.0,0.879703875207687,0.0,0.05100152166744779
118,119,7199.0,8794.0,0.9258731550230879,0.0,0.8137316486930747,0.0,0.11480651335991357,0.9719170860916665,0.0,0.884303392578409,0.0,0.0466662420014352
119,120,7199.0,8794.0,0.9258731550230879,0.0,0.8137316486930747,0.0,0.11480651335991357,0.9719170860916665,0.0,0.884303392578409,0.0,0.0466662420014352
120,121,7189.0,8812.0,0.9258235699029607,0.0,0.814625375677536,0.0,0.11455972499736612,0.9744976240884682,0.0,0.8910737358413962,0.0,0.04206715756269924
121,122,6958.0,8419.0,0.9284392237107593,0.0,0.8191301207810331,0.0,0.11044475112704527,0.9763960690627272,0.0,0.8938416760165803,0.0,0.03947178629519806
122,123,6958.0,8419.0,0.9284392237107593,0.0,0.8191301207810331,0.0,0.11044475112704527,0.9763960690627272,0.0,0.8938416760165803,0.0,0.03947178629519806
123,124,6597.0,8055.0,0.932825935872124,0.0,0.8253801913087307,0.0,0.10414959296600067,0.9766947020051159,0.0,0.8955114014080192,0.0,0.038875575009416505
124,125,6597.0,8055.0,0.932825935872124,0.0,0.8253801913087307,0.0,0.10414959296600067,0.9766947020051159,0.0,0.8955114014080192,0.0,0.038875575009416505
125,126,6516.0,7848.0,0.9362016072128319,0.0,0.8310479851647338,0.0,0.09846418200987928,0.9783099197566603,0.0,0.8967678103279739,0.0,0.036535575781089395
126,127,6516.0,7848.0,0.9362016072128319,0.0,0.8310479851647338,0.0,0.09846418200987928,0.9783099197566603,0.0,0.8967678103279739,0.0,0.036535575781089395
127,128,6249.0,7620.0,0.9356480394627639,0.0,0.830384460585361,0.0,0.09932378856250748,0.9765284109316161,0.0,0.895887226783639,0.0,0.0388355130850026
128,129,6084.0,7413.0,0.9410264401977122,0.0,0.8400078238725912,0.0,0.09115875749668009,0.9798795350575823,0.0,0.9011067188615874,0.0,0.03414542425749762
129,130,6084.0,7413.0,0.9410264401977122,0.0,0.8400078238725912,0.0,0.09115875749668009,0.9798795350575823,0.0,0.9011067188615874,0.0,0.03414542425749762
130,131,5850.0,7221.0,0.944204581434986,0.0,0.8448646432426942,0.0,0.08686433134772358,0.981162865321939,0.0,0.9072205107384558,0.0,0.031555679505897855
131,132,5846.0,7080.0,0.9456060110397145,0.0,0.8477128337840837,0.0,0.0851168653561321,0.9826759942947353,0.0,0.9103359293631178,0.0,0.029302491755643333
132,133,5641.0,6903.0,0.9462499095585996,0.0,0.8516819445332571,0.0,0.0833722102932322,0.982063566476558,0.0,0.91277467942827,0.0,0.029656321354842384
133,134,5528.0,6833.0,0.947421454824327,0.0,0.85350550868337,0.0,0.08206509238008373,0.9838406124399813,0.0,0.9154923266699768,0.0,0.027393103206764077
134,135,5363.0,6631.0,0.9488526554148347,0.0,0.8556931838271526,0.0,0.07970468321999616,0.9824637141203407,0.0,0.9122699212595546,0.0,0.029387020624730323
135,136,5353.0,6570.0,0.9471482471184319,0.0,0.8531624619620617,0.0,0.0825153897900296,0.9826464489711952,0.0,0.9103386726140347,0.0,0.029627233086586467
136,137,5173.0,6487.0,0.9497977901763935,0.0,0.8599722402982098,0.0,0.07792801162534677,0.9850752404981408,0.0,0.9199254201517384,0.0,0.02548164959005805
137,138,5173.0,6487.0,0.9497977901763935,0.0,0.8599722402982098,0.0,0.07792801162534677,0.9850752404981408,0.0,0.9199254201517384,0.0,0.02548164959005805
138,139,5122.0,6312.0,0.9511288165441274,0.0,0.8592816330829443,0.0,0.07665033539931998,0.9848525430479276,0.0,0.9175150170127278,0.0,0.025958500165699786
139,140,5100.0,6300.0,0.9521566927410793,0.0,0.8604672506986943,0.0,0.07542227923804966,0.9853642923778427,0.0,0.9167807401839624,0.0,0.02543692154150303
140,141,4926.0,6155.0,0.9522933118058832,0.0,0.8628821190657995,0.0,0.07496608327242417,0.9850791332144442,0.0,0.91846966833182,0.0,0.025639797658205694
141,142,4759.0,5970.0,0.9552498052329229,0.0,0.8664449902765814,0.0,0.07087292264095085,0.9874542852078132,0.0,0.9234541552478848,0.0,0.021962962502891103
142,143,4592.0,5743.0,0.9559740942639464,0.0,0.86858451851211,0.0,0.06946726608587986,0.9876576213094619,0.0,0.9240832741248345,0.0,0.02159512462765472
143,144,4592.0,5743.0,0.9559740942639464,0.0,0.86858451851211,0.0,0.06946726608587986,0.9876576213094619,0.0,0.9240832741248345,0.0,0.02159512462765472
144,145,4534.0,5667.0,0.9569932858738167,0.0,0.8710309832877567,0.0,0.0679997819760658,0.987509458235691,0.0,0.9233453396281797,0.0,0.021924569847255316
145,146,4480.0,5524.0,0.9610026997449499,0.0,0.8776195867641139,0.0,0.06209673903657797,0.9890133705145323,0.0,0.9309999241033913,0.0,0.019204697379829574
146,147,4359.0,5472.0,0.9597237034575279,0.0,0.8770433284559512,0.0,0.06359667370883483,0.9879496720224645,0.0,0.9272252108416934,0.0,0.020877876035702472
147,148,4359.0,5472.0,0.9597237034575279,0.0,0.8770433284559512,0.0,0.06359667370883483,0.9879496720224645,0.0,0.9272252108416934,0.0,0.020877876035702472
148,149,4242.0,5405.0,0.9586666039016255,0.0,0.8743606429116842,0.0,0.06553566742149235,0.9875608853433008,0.0,0.9276924779145441,0.0,0.02144434801368596
149,150,4242.0,5405.0,0.9586666039016255,0.0,0.8743606429116842,0.0,0.06553566742149235,0.9875608853433008,0.0,0.9276924779145441,0.0,0.02144434801368596
150,151,4170.0,5292.0,0.96278177612971,0.0,0.8825200392698219,0.0,0.0591065945165458,0.9879701933218464,0.0,0.9304000665695557,0.0,0.02054209485246373
151,152,4170.0,5292.0,0.96278177612971,0.0,0.8825200392698219,0.0,0.0591065945165458,0.9879701933218464,0.0,0.9304000665695557,0.0,0.02054209485246373
152,153,4055.0,5152.0,0.9673149397466668,0.0,0.8881712826261129,0.0,0.053086845432866014,0.9901569719237757,0.0,0.9348048131251755,0.0,0.01736404534585656
153,154,3908.0,5061.0,0.9662615740100512,0.0,0.8878071716324434,0.0,0.05413481469740897,0.9874371454599676,0.0,0.9300324709466867,0.0,0.021167941360272488
154,155,3905.0,4959.0,0.9682755740069536,0.0,0.8879320526757267,0.0,0.051997508676220036,0.9909217832017504,0.0,0.9349648360953299,0.0,0.016224135011065958
155,156,3886.0,4864.0,0.9686548774964318,0.0,0.886738912105562,0.0,0.051894959015473766,0.9895858724323603,0.0,0.9325013967719252,0.0,0.01822008572914467
156,157,3741.0,4715.0,0.9712149222889873,0.0,0.8924819355057116,0.0,0.047485323594139525,0.9915399216478519,0.0,0.9374127303302052,0.0,0.015217723385867576
157,158,3735.0,4747.0,0.9699862938408467,0.0,0.8923630728259603,0.0,0.049463719164511026,0.9908803670595028,0.0,0.935236417936106,0.0,0.016270096625403303
158,159,3698.0,4734.0,0.9728458600849962,0.0,0.8955934294516142,0.0,0.04500283708560784,0.9921767556176414,0.0,0.939493943359184,0.0,0.014162682981631309
159,160,3478.0,4570.0,0.9726190042883054,0.0,0.8976291409162206,0.0,0.04536387072016577,0.9912880026117845,0.0,0.9396987727609815,0.0,0.01528379384583768
160,161,3478.0,4570.0,0.9726190042883054,0.0,0.8976291409162206,0.0,0.04536387072016577,0.9912880026117845,0.0,0.9396987727609815,0.0,0.01528379384583768
161,162,3399.0,4431.0,0.9734182601132294,0.0,0.899377475522187,0.0,0.044075592791767974,0.9913226333694183,0.0,0.9388666533161788,0.0,0.015487301440982836
162,163,3399.0,4431.0,0.9734182601132294,0.0,0.899377475522187,0.0,0.044075592791767974,0.9913226333694183,0.0,0.9388666533161788,0.0,0.015487301440982836
163,164,3231.0,4186.0,0.974582451137858,0.0,0.9034940361778878,0.0,0.04216893713773971,0.9928411125334438,0.0,0.9463657869060976,0.0,0.012744294260077551
164,165,3231.0,4186.0,0.974582451137858,0.0,0.9034940361778878,0.0,0.04216893713773971,0.9928411125334438,0.0,0.9463657869060976,0.0,0.012744294260077551
165,166,3231.0,4186.0,0.974582451137858,0.0,0.9034940361778878,0.0,0.04216893713773971,0.9928411125334438,0.0,0.9463657869060976,0.0,0.012744294260077551
166,167,3180.0,4134.0,0.9780831086219476,0.0,0.9092069677603789,0.0,0.03653769376434083,0.9931122985491952,0.0,0.9453955904984761,0.0,0.012184316625942533
167,168,3118.0,4082.0,0.979494312535831,0.0,0.9107235953703737,0.0,0.034696219964283376,0.9937466527145249,0.0,0.9450307381265243,0.0,0.011426137295704505
168,169,3118.0,4082.0,0.979494312535831,0.0,0.9107235953703737,0.0,0.034696219964283376,0.9937466527145249,0.0,0.9450307381265243,0.0,0.011426137295704505
169,170,3118.0,4082.0,0.979494312535831,0.0,0.9107235953703737,0.0,0.034696219964283376,0.9937466527145249,0.0,0.9450307381265243,0.0,0.011426137295704505
170,171,3085.0,4033.0,0.9799960410452393,0.0,0.9115044780386153,0.0,0.03382121696794232,0.9922678648393274,0.0,0.9437377525276771,0.0,0.013585516803263703
171,172,2907.0,3940.0,0.9783286141545273,0.0,0.9120115251661631,0.0,0.03614107966090596,0.9928980602205388,0.0,0.9451788736760386,0.0,0.012517977263904917
172,173,2817.0,3812.0,0.9831922041836036,0.0,0.9204056377020383,0.0,0.028479095022324995,0.994824952169428,0.0,0.9500353422159798,0.0,0.009469512746449917
173,174,2749.0,3779.0,0.9855586380000801,0.0,0.9252218331183021,0.0,0.024815725163411236,0.9950323985600763,0.0,0.9499530446884717,0.0,0.009190389479680532
174,175,2629.0,3590.0,0.9839411419535034,0.0,0.9221885778983122,0.0,0.027357351397579024,0.9954873378241798,0.0,0.953048346139743,0.0,0.008394936159996213
175,176,2629.0,3590.0,0.9839411419535034,0.0,0.9221885778983122,0.0,0.027357351397579024,0.9954873378241798,0.0,0.953048346139743,0.0,0.008394936159996213
176,177,2553.0,3517.0,0.9871007302576104,0.0,0.9295956788149842,0.0,0.02234812279357482,0.9961987756363926,0.0,0.9559525344438013,0.0,0.0071116197131696505
177,178,2490.0,3460.0,0.986604173779362,0.0,0.9291743933677633,0.0,0.022770073422956873,0.995543172744897,0.0,0.9541877096872419,0.0,0.008138562685297142
178,179,2490.0,3460.0,0.986604173779362,0.0,0.9291743933677633,0.0,0.022770073422956873,0.995543172744897,0.0,0.9541877096872419,0.0,0.008138562685297142
179,180,2490.0,3460.0,0.986604173779362,0.0,0.9291743933677633,0.0,0.022770073422956873,0.995543172744897,0.0,0.9541877096872419,0.0,0.008138562685297142
180,181,2379.0,3376.0,0.988324789617261,0.0,0.933050219482195,0.0,0.020203447978342705,0.9955062430564903,0.0,0.9568495774936381,0.0,0.00790332502215418
181,182,2331.0,3278.0,0.9885405186324775,0.0,0.9353101149883583,0.0,0.019851025160694882,0.9955517603129849,0.0,0.9589573086148137,0.0,0.007853208055073403
182,183,2331.0,3278.0,0.9885405186324775,0.0,0.9353101149883583,0.0,0.019851025160694882,0.9955517603129849,0.0,0.9589573086148137,0.0,0.007853208055073403
183,184,2272.0,3241.0,0.9893482073574053,0.0,0.9337498542427581,0.0,0.018715473933417763,0.9964027395532297,0.0,0.9571485918435835,0.0,0.006698632329417722
184,185,2250.0,3214.0,0.9880894787942299,0.0,0.935206298217436,0.0,0.020287086008283627,0.9965893920232867,0.0,0.9600985009962573,0.0,0.0062829933739164505
185,186,2217.0,3203.0,0.9902938620878722,0.0,0.9384125813889631,0.0,0.017127229415705367,0.9970745306396966,0.0,0.9624183768550092,0.0,0.0054798562535019885
186,187,2144.0,3101.0,0.9891181930261771,0.0,0.9387330592470275,0.0,0.018542408330989444,0.996761647996415,0.0,0.9599988295462755,0.0,0.0060439783763176136
187,188,2144.0,3101.0,0.9891181930261771,0.0,0.9387330592470275,0.0,0.018542408330989444,0.996761647996415,0.0,0.9599988295462755,0.0,0.0060439783763176136
188,189,2104.0,3066.0,0.9921785834321092,0.0,0.9439118610660779,0.0,0.014011372349101527,0.9969842196214547,0.0,0.9615414509785634,0.0,0.005605440805113876
189,190,2060.0,3004.0,0.990119324013868,0.0,0.9404723663076963,0.0,0.016970561613758938,0.9966462794191526,0.0,0.960671840437896,0.0,0.006245673775578169
190,191,2000.0,2924.0,0.9912002563999877,0.0,0.9425050685905368,0.0,0.01526901238427747,0.9961961883562634,0.0,0.9579340760227982,0.0,0.007036784392005397
191,192,2000.0,2924.0,0.9912002563999877,0.0,0.9425050685905368,0.0,0.01526901238427747,0.9961961883562634,0.0,0.9579340760227982,0.0,0.007036784392005397
192,193,2000.0,2924.0,0.9912002563999877,0.0,0.9425050685905368,0.0,0.01526901238427747,0.9961961883562634,0.0,0.9579340760227982,0.0,0.007036784392005397
193,194,1940.0,2907.0,0.9919889634939787,0.0,0.9450974786818278,0.0,0.013516132466300271,0.9972822234379759,0.0,0.9629469098650045,0.0,0.005083569070219704
194,195,1940.0,2907.0,0.9919889634939787,0.0,0.9450974786818278,0.0,0.013516132466300271,0.9972822234379759,0.0,0.9629469098650045,0.0,0.005083569070219704
195,196,1853.0,2854.0,0.99219473012618,0.0,0.9471963829635175,0.0,0.01327334190339992,0.9970857395655646,0.0,0.9642975037331073,0.0,0.005349199654754983
196,197,1853.0,2854.0,0.99219473012618,0.0,0.9471963829635175,0.0,0.01327334190339992,0.9970857395655646,0.0,0.9642975037331073,0.0,0.005349199654754983
197,198,1859.0,2825.0,0.9922585756701903,0.0,0.9488303686623811,0.0,0.012999559991863965,0.9965254007478365,0.0,0.9630923021636021,0.0,0.006163266535001095
198,199,1701.0,2665.0,0.9937035747973063,0.0,0.9520050554253665,0.0,0.01102407931634562,0.9970113873734882,0.0,0.9655557414870065,0.0,0.005354084252164678
199,200,1662.0,2590.0,0.9956580023989375,0.0,0.9555709358179143,0.0,0.007955407318116966,0.9975141821452261,0.0,0.9667572853886226,0.0,0.004542111927178008
200,201,1662.0,2590.0,0.9956580023989375,0.0,0.9555709358179143,0.0,0.007955407318116966,0.9975141821452261,0.0,0.9667572853886226,0.0,0.004542111927178008
201,202,1662.0,2590.0,0.9956580023989375,0.0,0.9555709358179143,0.0,0.007955407318116966,0.9975141821452261,0.0,0.9667572853886226,0.0,0.004542111927178008
202,203,1591.0,2562.0,0.9947906970260656,0.0,0.9542092810688613,0.0,0.009342453553156745,0.9975310610679727,0.0,0.9657249086268841,0.0,0.0046233418822655544
203,204,1591.0,2562.0,0.9947906970260656,0.0,0.9542092810688613,0.0,0.009342453553156745,0.9975310610679727,0.0,0.9657249086268841,0.0,0.0046233418822655544
204,205,1509.0,2449.0,0.9946349663380981,0.0,0.9553452471854746,0.0,0.009542212799686325,0.9969286599433044,0.0,0.9650016048017864,0.0,0.005487512614672859
205,206,1509.0,2449.0,0.9946349663380981,0.0,0.9553452471854746,0.0,0.009542212799686325,0.9969286599433044,0.0,0.9650016048017864,0.0,0.005487512614672859
206,207,1446.0,2404.0,0.9954286380288445,0.0,0.9578594185508533,0.0,0.008254420546405003,0.9978179031430661,0.0,0.9706206970966347,0.0,0.004024374524649675
207,208,1446.0,2404.0,0.9954286380288445,0.0,0.9578594185508533,0.0,0.008254420546405003,0.9978179031430661,0.0,0.9706206970966347,0.0,0.004024374524649675
208,209,1415.0,2314.0,0.9963175718956585,0.0,0.9612793536277566,0.0,0.006539162096388846,0.9986259851739175,0.0,0.9717362858028535,0.0,0.00265254812843835
209,210,1415.0,2314.0,0.9963175718956585,0.0,0.9612793536277566,0.0,0.006539162096388846,0.9986259851739175,0.0,0.9717362858028535,0.0,0.00265254812843835
210,211,1415.0,2314.0,0.9963175718956585,0.0,0.9612793536277566,0.0,0.006539162096388846,0.9986259851739175,0.0,0.9717362858028535,0.0,0.00265254812843835
211,212,1415.0,2314.0,0.9963175718956585,0.0,0.9612793536277566,0.0,0.006539162096388846,0.9986259851739175,0.0,0.9717362858028535,0.0,0.00265254812843835
212,213,1415.0,2314.0,0.9963175718956585,0.0,0.9612793536277566,0.0,0.006539162096388846,0.9986259851739175,0.0,0.9717362858028535,0.0,0.00265254812843835
213,214,1391.0,2306.0,0.9961709434293743,0.0,0.9613651153080838,0.0,0.006796005747217486,0.9983478486280121,0.0,0.9705612599934346,0.0,0.003145004846223152
214,215,1380.0,2325.0,0.9961223678233506,0.0,0.9610822522220925,0.0,0.006878149368954487,0.9984320649894152,0.0,0.9714089245267663,0.0,0.0029815544655866764
215,216,1349.0,2291.0,0.9968502634472257,0.0,0.9623400902002233,0.0,0.005839338215902922,0.9984305734368383,0.0,0.9713778343497078,0.0,0.0030128097146604974
216,217,1339.0,2234.0,0.9970181497913155,0.0,0.9627117241483074,0.0,0.0055876716420059066,0.9986229889619748,0.0,0.9730676769145377,0.0,0.002644077952165145
217,218,1311.0,2260.0,0.997101339285023,0.0,0.9650965006977541,0.0,0.005216900208249183,0.9985458096355326,0.0,0.9720627326619685,0.0,0.0028019633717678424
218,219,1311.0,2260.0,0.997101339285023,0.0,0.9650965006977541,0.0,0.005216900208249183,0.9985458096355326,0.0,0.9720627326619685,0.0,0.0028019633717678424
219,220,1269.0,2180.0,0.996705457637912,0.0,0.9639093784911209,0.0,0.005991815462990139,0.9987170380364113,0.0,0.9736675344483735,0.0,0.002468866296182946
220,221,1247.0,2220.0,0.9966357845700222,0.0,0.9626846415124147,0.0,0.0061616026423624475,0.9984650770586195,0.0,0.9713668613460401,0.0,0.0029517177338071326
221,222,1223.0,2154.0,0.9974414459693671,0.0,0.964107984487668,0.0,0.004818903281841751,0.9985695434088744,0.0,0.9728701628485186,0.0,0.0027351742962561957
222,223,1199.0,2139.0,0.9974711173866319,0.0,0.9652785561945888,0.0,0.004738267456696326,0.9988046608522495,0.0,0.9735834080869209,0.0,0.002321031494127358
223,224,1199.0,2139.0,0.9974711173866319,0.0,0.9652785561945888,0.0,0.004738267456696326,0.9988046608522495,0.0,0.9735834080869209,0.0,0.002321031494127358
224,225,1199.0,2139.0,0.9974711173866319,0.0,0.9652785561945888,0.0,0.004738267456696326,0.9988046608522495,0.0,0.9735834080869209,0.0,0.002321031494127358
225,226,1199.0,2139.0,0.9974711173866319,0.0,0.9652785561945888,0.0,0.004738267456696326,0.9988046608522495,0.0,0.9735834080869209,0.0,0.002321031494127358
226,227,1175.0,2120.0,0.9973070257092542,0.0,0.9640086814893946,0.0,0.005059207525282316,0.9987386498206298,0.0,0.9734078400282372,0.0,0.0024348806594466305
227,228,1175.0,2120.0,0.9973070257092542,0.0,0.9640086814893946,0.0,0.005059207525282316,0.9987386498206298,0.0,0.9734078400282372,0.0,0.0024348806594466305
228,229,1175.0,2120.0,0.9973070257092542,0.0,0.9640086814893946,0.0,0.005059207525282316,0.9987386498206298,0.0,0.9734078400282372,0.0,0.0024348806594466305
229,230,1175.0,2120.0,0.9973070257092542,0.0,0.9640086814893946,0.0,0.005059207525282316,0.9987386498206298,0.0,0.9734078400282372,0.0,0.0024348806594466305
230,231,1175.0,2120.0,0.9973070257092542,0.0,0.9640086814893946,0.0,0.005059207525282316,0.9987386498206298,0.0,0.9734078400282372,0.0,0.0024348806594466305
231,232,1158.0,2079.0,0.9958172815981234,0.0,0.9614629137154742,0.0,0.007209640501946097,0.9984075330126296,0.0,0.9719731197986821,0.0,0.0030113386791891248
232,233,1164.0,2120.0,0.9966679092448482,0.0,0.9630352111881378,0.0,0.005953575194452861,0.9985605141420004,0.0,0.9733237136667846,0.0,0.0027317126655912838
233,234,1164.0,2120.0,0.9966679092448482,0.0,0.9630352111881378,0.0,0.005953575194452861,0.9985605141420004,0.0,0.9733237136667846,0.0,0.0027317126655912838
234,235,1149.0,2066.0,0.9970475612241264,0.0,0.9643577465742347,0.0,0.005398350973897773,0.9987027306656472,0.0,0.9756637066989273,0.0,0.002427390651361572
235,236,1149.0,2066.0,0.9970475612241264,0.0,0.9643577465742347,0.0,0.005398350973897773,0.9987027306656472,0.0,0.9756637066989273,0.0,0.002427390651361572
236,237,1119.0,2081.0,0.996338307038764,0.0,0.9633526798644364,0.0,0.006469190116234609,0.9982828350230276,0.0,0.9719859216362943,0.0,0.003218423203131749
237,238,1119.0,2081.0,0.996338307038764,0.0,0.9633526798644364,0.0,0.006469190116234609,0.9982828350230276,0.0,0.9719859216362943,0.0,0.003218423203131749
238,239,1083.0,2030.0,0.9968973455255349,0.0,0.9657840987312537,0.0,0.005650513337814683,0.998627804396217,0.0,0.9737754356511061,0.0,0.002625684406500478
239,240,1083.0,2030.0,0.9968973455255349,0.0,0.9657840987312537,0.0,0.005650513337814683,0.998627804396217,0.0,0.9737754356511061,0.0,0.002625684406500478
240,241,1083.0,2030.0,0.9968973455255349,0.0,0.9657840987312537,0.0,0.005650513337814683,0.998627804396217,0.0,0.9737754356511061,0.0,0.002625684406500478
241,242,1083.0,2030.0,0.9968973455255349,0.0,0.9657840987312537,0.0,0.005650513337814683,0.998627804396217,0.0,0.9737754356511061,0.0,0.002625684406500478
242,243,1075.0,2029.0,0.9971845094181858,0.0,0.966942633711111,0.0,0.004967211747869692,0.9990029560828871,0.0,0.9765424614093178,0.0,0.0019350196713877504
243,244,1075.0,2029.0,0.9971845094181858,0.0,0.966942633711111,0.0,0.004967211747869692,0.9990029560828871,0.0,0.9765424614093178,0.0,0.0019350196713877504
244,245,1067.0,2038.0,0.9971477243837319,0.0,0.965400428056106,0.0,0.00523683106378395,0.9990424114495152,0.0,0.9763678077676063,0.0,0.0018633188539415647
245,246,1058.0,2001.0,0.997675456870128,0.0,0.9675655343366446,0.0,0.004333564668851383,0.9987821997481103,0.0,0.9758283017539433,0.0,0.00232436639124423
246,247,1033.0,1977.0,0.9969316634734676,0.0,0.964329159347459,0.0,0.00563414436806566,0.9988483890320593,0.0,0.9747566050623953,0.0,0.0022267321464713393
247,248,1033.0,1977.0,0.9969316634734676,0.0,0.964329159347459,0.0,0.00563414436806566,0.9988483890320593,0.0,0.9747566050623953,0.0,0.0022267321464713393
248,249,1032.0,1977.0,0.9975651045325581,0.0,0.9661873290878794,0.0,0.004564636099321473,0.9988890030388261,0.0,0.9753473184265079,0.0,0.0021527624148438146
249,250,1024.0,1990.0,0.9973854608064032,0.0,0.9662339714052502,0.0,0.00485540684238993,0.9989575371273094,0.0,0.9768359892574294,0.0,0.002008548363599318
250,251,1024.0,1990.0,0.9973854608064032,0.0,0.9662339714052502,0.0,0.00485540684238993,0.9989575371273094,0.0,0.9768359892574294,0.0,0.002008548363599318
251,252,1008.0,1989.0,0.997724898169068,0.0,0.9676407638807912,0.0,0.0042718345962352595,0.9989964734650968,0.0,0.9761949829598398,0.0,0.00194948449445353
252,253,1008.0,1989.0,0.997724898169068,0.0,0.9676407638807912,0.0,0.0042718345962352595,0.9989964734650968,0.0,0.9761949829598398,0.0,0.00194948449445353
253,254,1000.0,1967.0,0.9973423199817857,0.0,0.9673548916130341,0.0,0.004888260563861733,0.9990022823939377,0.0,0.9761474332772796,0.0,0.0019368745446869606
254,255,1000.0,1967.0,0.9973423199817857,0.0,0.9673548916130341,0.0,0.004888260563861733,0.9990022823939377,0.0,0.9761474332772796,0.0,0.0019368745446869606
255,256,991.0,1961.0,0.997186063793326,0.0,0.9664867426735828,0.0,0.00500286068550207,0.9990077426821937,0.0,0.9760815952552733,0.0,0.0019287772430680004
256,257,977.0,1931.0,0.996850180473464,0.0,0.966503293173295,0.0,0.005428706749520538,0.9988008559514315,0.0,0.9758795091043926,0.0,0.0022982316301583157
257,258,965.0,1935.0,0.9973721352202379,0.0,0.9667184496695542,0.0,0.004866063820989089,0.9989089319113497,0.0,0.9754323592049327,0.0,0.0021127409021829517
258,259,965.0,1935.0,0.9973721352202379,0.0,0.9667184496695542,0.0,0.004866063820989089,0.9989089319113497,0.0,0.9754323592049327,0.0,0.0021127409021829517
259,260,965.0,1935.0,0.9973721352202379,0.0,0.9667184496695542,0.0,0.004866063820989089,0.9989089319113497,0.0,0.9754323592049327,0.0,0.0021127409021829517
260,261,953.0,1944.0,0.9977324045287301,0.0,0.9672300105697509,0.0,0.004272690512188722,0.998975534059149,0.0,0.976095311509858,0.0,0.0019898091401888175
261,262,951.0,1924.0,0.9972183959025567,0.0,0.9681357742812756,0.0,0.004882717531416405,0.9990264644194595,0.0,0.9767253448037798,0.0,0.0018922617921613345
262,263,951.0,1924.0,0.9972183959025567,0.0,0.9681357742812756,0.0,0.004882717531416405,0.9990264644194595,0.0,0.9767253448037798,0.0,0.0018922617921613345
263,264,951.0,1936.0,0.9967379584604585,0.0,0.9653251985119595,0.0,0.005842323827661706,0.9987066102751617,0.0,0.9763650645166895,0.0,0.00242306210477839
264,265,951.0,1936.0,0.9967379584604585,0.0,0.9653251985119595,0.0,0.005842323827661706,0.9987066102751617,0.0,0.9763650645166895,0.0,0.00242306210477839
265,266,925.0,1906.0,0.9971995968138962,0.0,0.9656562085062046,0.0,0.005145514068435233,0.9986453753574175,0.0,0.9747438032247829,0.0,0.002570277777621801
266,267,925.0,1906.0,0.9971995968138962,0.0,0.9656562085062046,0.0,0.005145514068435233,0.9986453753574175,0.0,0.9747438032247829,0.0,0.002570277777621801
267,268,925.0,1906.0,0.9971995968138962,0.0,0.9656562085062046,0.0,0.005145514068435233,0.9986453753574175,0.0,0.9747438032247829,0.0,0.002570277777621801
268,269,915.0,1891.0,0.9965408653521706,0.0,0.9643095996659807,0.0,0.006124582622920194,0.9989074547762404,0.0,0.9755393459906931,0.0,0.002113733227567671
269,270,915.0,1891.0,0.9965408653521706,0.0,0.9643095996659807,0.0,0.006124582622920194,0.9989074547762404,0.0,0.9755393459906931,0.0,0.002113733227567671
270,271,915.0,1891.0,0.9965408653521706,0.0,0.9643095996659807,0.0,0.006124582622920194,0.9989074547762404,0.0,0.9755393459906931,0.0,0.002113733227567671
271,272,904.0,1861.0,0.9970618022874651,0.0,0.9669471474837599,0.0,0.005319377796550777,0.9991140885459768,0.0,0.9774166440348466,0.0,0.0017279011186599098
272,273,904.0,1861.0,0.9970618022874651,0.0,0.9669471474837599,0.0,0.005319377796550777,0.9991140885459768,0.0,0.9774166440348466,0.0,0.0017279011186599098
273,274,894.0,1861.0,0.9970459736594816,0.0,0.9675550022004641,0.0,0.005201358307839264,0.9987127127960741,0.0,0.9757002833778198,0.0,0.002434328345919948
274,275,894.0,1861.0,0.9970459736594816,0.0,0.9675550022004641,0.0,0.005201358307839264,0.9987127127960741,0.0,0.9757002833778198,0.0,0.002434328345919948
275,276,892.0,1858.0,0.9973659038907172,0.0,0.9669907806193647,0.0,0.004856491706627817,0.998949243151293,0.0,0.9765625785827086,0.0,0.002030615960315039
276,277,887.0,1865.0,0.997458757061897,0.0,0.9665589630359633,0.0,0.004725970197906965,0.9990189542294194,0.0,0.977043561910144,0.0,0.0019035512849829863
277,278,891.0,1876.0,0.9973989606374688,0.0,0.9673579007948,0.0,0.004749568487505084,0.9987973826523728,0.0,0.9754799088874928,0.0,0.0022964966804479943
278,279,891.0,1876.0,0.9973989606374688,0.0,0.9673579007948,0.0,0.004749568487505084,0.9987973826523728,0.0,0.9754799088874928,0.0,0.0022964966804479943
279,280,878.0,1874.0,0.9968798933776097,0.0,0.9653537857387352,0.0,0.0056509278427207136,0.9987982359043304,0.0,0.9748361593389863,0.0,0.002315571034089331
280,281,878.0,1874.0,0.9968798933776097,0.0,0.9653537857387352,0.0,0.0056509278427207136,0.9987982359043304,0.0,0.9748361593389863,0.0,0.002315571034089331
281,282,877.0,1880.0,0.9966134342043514,0.0,0.966832798576657,0.0,0.005738929203494259,0.9987177182787552,0.0,0.9757743511525769,0.0,0.002398186190759657
282,283,877.0,1880.0,0.9966134342043514,0.0,0.966832798576657,0.0,0.005738929203494259,0.9987177182787552,0.0,0.9757743511525769,0.0,0.002398186190759657
283,284,877.0,1880.0,0.9966134342043514,0.0,0.966832798576657,0.0,0.005738929203494259,0.9987177182787552,0.0,0.9757743511525769,0.0,0.002398186190759657
284,285,862.0,1833.0,0.9968309831107462,0.0,0.9653763546019792,0.0,0.005740251571883113,0.998846913207629,0.0,0.9756353597727856,0.0,0.0022181125274815645
285,286,862.0,1833.0,0.9968309831107462,0.0,0.9653763546019792,0.0,0.005740251571883113,0.998846913207629,0.0,0.9756353597727856,0.0,0.0022181125274815645
286,287,856.0,1827.0,0.9967380967500616,0.0,0.9659781909551518,0.0,0.005682365761079418,0.9987524132596542,0.0,0.974593838841324,0.0,0.00240440362226914
287,288,849.0,1814.0,0.9973656162483425,0.0,0.9674331303389466,0.0,0.004778103104074547,0.9986845790736985,0.0,0.9754725935517145,0.0,0.002474676422887107
288,289,849.0,1814.0,0.9973656162483425,0.0,0.9674331303389466,0.0,0.004778103104074547,0.9986845790736985,0.0,0.9754725935517145,0.0,0.002474676422887107
289,290,853.0,1826.0,0.9969564587993233,0.0,0.9668358077584228,0.0,0.005381712302194456,0.9989679098400454,0.0,0.9762681363176245,0.0,0.002002307714106808
290,291,853.0,1826.0,0.9969564587993233,0.0,0.9668358077584228,0.0,0.005381712302194456,0.9989679098400454,0.0,0.9762681363176245,0.0,0.002002307714106808
291,292,852.0,1833.0,0.9972857761288251,0.0,0.9678905259673578,0.0,0.004845007259177015,0.9983831727347785,0.0,0.9752083270467167,0.0,0.002973653136732
292,293,852.0,1833.0,0.9972857761288251,0.0,0.9678905259673578,0.0,0.004845007259177015,0.9983831727347785,0.0,0.9752083270467167,0.0,0.002973653136732
293,294,847.0,1817.0,0.9964830188111476,0.0,0.9668448353037203,0.0,0.006012612891728258,0.998586430195694,0.0,0.9754972828099668,0.0,0.002620054628233301
294,295,836.0,1818.0,0.9970763835432276,0.0,0.9673970201577564,0.0,0.005211887153623908,0.9985237535311705,0.0,0.9758356170897217,0.0,0.0026911831792982713
295,296,836.0,1818.0,0.9970763835432276,0.0,0.9673970201577564,0.0,0.005211887153623908,0.9985237535311705,0.0,0.9758356170897217,0.0,0.0026911831792982713
296,297,833.0,1835.0,0.9976508219602122,0.0,0.9682907471422176,0.0,0.004393409766795106,0.9988721267374374,0.0,0.9758310450048602,0.0,0.0021795152867363147
297,298,837.0,1809.0,0.9972556206979488,0.0,0.9686428214088236,0.0,0.004866213526530173,0.9989038792442284,0.0,0.976225158719926,0.0,0.0021185847196602227
298,299,829.0,1815.0,0.9976725583200446,0.0,0.9681117008271488,0.0,0.004348872501031836,0.9988828533334737,0.0,0.975412242031542,0.0,0.002164424439061932
299,300,821.0,1821.0,0.9969390536698631,0.0,0.9669787438923014,0.0,0.005354916069040985,0.9989036092443772,0.0,0.9754543052122683,0.0,0.0021251838941689157
300,301,821.0,1821.0,0.9969390536698631,0.0,0.9669787438923014,0.0,0.005354916069040985,0.9989036092443772,0.0,0.9754543052122683,0.0,0.0021251838941689157
301,302,821.0,1821.0,0.9969390536698631,0.0,0.9669787438923014,0.0,0.005354916069040985,0.9989036092443772,0.0,0.9754543052122683,0.0,0.0021251838941689157
302,303,829.0,1811.0,0.9975601427015948,0.0,0.968984363539249,0.0,0.004437518257945962,0.9992039080596349,0.0,0.9785404624938163,0.0,0.0015534923625785027
303,304,825.0,1837.0,0.99736507691889,0.0,0.9686172433638137,0.0,0.004631295332586298,0.9990523581916119,0.0,0.9766777951212198,0.0,0.0018444991018022332
304,305,825.0,1837.0,0.99736507691889,0.0,0.9686172433638137,0.0,0.004631295332586298,0.9990523581916119,0.0,0.9766777951212198,0.0,0.0018444991018022332
305,306,825.0,1837.0,0.99736507691889,0.0,0.9686172433638137,0.0,0.004631295332586298,0.9990523581916119,0.0,0.9766777951212198,0.0,0.0018444991018022332
306,307,825.0,1837.0,0.99736507691889,0.0,0.9686172433638137,0.0,0.004631295332586298,0.9990523581916119,0.0,0.9766777951212198,0.0,0.0018444991018022332
307,308,819.0,1822.0,0.9979081097669854,0.0,0.9696599248456853,0.0,0.003926034655689722,0.9990233528677744,0.0,0.9770911115927041,0.0,0.0018944307259156287
308,309,819.0,1822.0,0.9979081097669854,0.0,0.9696599248456853,0.0,0.003926034655689722,0.9990233528677744,0.0,0.9770911115927041,0.0,0.0018944307259156287
309,310,819.0,1822.0,0.9979081097669854,0.0,0.9696599248456853,0.0,0.003926034655689722,0.9990233528677744,0.0,0.9770911115927041,0.0,0.0018944307259156287
310,311,821.0,1785.0,0.9975671622818537,0.0,0.9674376441115954,0.0,0.004558842819340786,0.9989560914484934,0.0,0.976181266705255,0.0,0.002022545661118003
311,312,817.0,1795.0,0.9975299734417585,0.0,0.9672616069782923,0.0,0.0046346658285380486,0.999018578064578,0.0,0.9766969978776382,0.0,0.0019097440517400759
312,313,819.0,1789.0,0.9970869046162398,0.0,0.9669606888017062,0.0,0.005301466418107775,0.9988787325590435,0.0,0.9771532919468211,0.0,0.0021292320240519362
313,314,819.0,1804.0,0.9970082261293891,0.0,0.9668613858034327,0.0,0.005360144027993638,0.9985542622036947,0.0,0.9755338594888593,0.0,0.0026762019723690334
314,315,814.0,1796.0,0.9970182217019092,0.0,0.9666913670336613,0.0,0.00535727268260346,0.9988217756971963,0.0,0.9753902960242065,0.0,0.0022723858981385336
315,316,816.0,1798.0,0.9971780789516366,0.0,0.9672676253418242,0.0,0.005153989164785409,0.9988784468310454,0.0,0.976119086351138,0.0,0.002165484897636534
316,317,811.0,1784.0,0.9975531231213358,0.0,0.9671261937988286,0.0,0.00457914263434215,0.9989598124658625,0.0,0.9764647359666714,0.0,0.002013312430834612
317,318,811.0,1784.0,0.9975531231213358,0.0,0.9671261937988286,0.0,0.00457914263434215,0.9989598124658625,0.0,0.9764647359666714,0.0,0.002013312430834612
318,319,811.0,1784.0,0.9975531231213358,0.0,0.9671261937988286,0.0,0.00457914263434215,0.9989598124658625,0.0,0.9764647359666714,0.0,0.002013312430834612
319,320,807.0,1795.0,0.9976999396614804,0.0,0.9684667842755207,0.0,0.004295986738356833,0.9991469144987788,0.0,0.9777513206467122,0.0,0.0016622368033910179
320,321,807.0,1795.0,0.9976999396614804,0.0,0.9684667842755207,0.0,0.004295986738356833,0.9991469144987788,0.0,0.9777513206467122,0.0,0.0016622368033910179
321,322,806.0,1795.0,0.9975960371510041,0.0,0.9685660872737942,0.0,0.004412912636264244,0.9990086260797656,0.0,0.9773370897582556,0.0,0.0019186462703540289
322,323,806.0,1788.0,0.9973492953093717,0.0,0.9676332409263765,0.0,0.00489254344495263,0.9989284177744086,0.0,0.976516857734093,0.0,0.002071371606854691
323,324,806.0,1788.0,0.9973492953093717,0.0,0.9676332409263765,0.0,0.00489254344495263,0.9989284177744086,0.0,0.976516857734093,0.0,0.002071371606854691
324,325,806.0,1788.0,0.9973492953093717,0.0,0.9676332409263765,0.0,0.00489254344495263,0.9989284177744086,0.0,0.976516857734093,0.0,0.002071371606854691
325,326,806.0,1788.0,0.9973492953093717,0.0,0.9676332409263765,0.0,0.00489254344495263,0.9989284177744086,0.0,0.976516857734093,0.0,0.002071371606854691
326,327,806.0,1788.0,0.9973492953093717,0.0,0.9676332409263765,0.0,0.00489254344495263,0.9989284177744086,0.0,0.976516857734093,0.0,0.002071371606854691
327,328,806.0,1783.0,0.9977336214772384,0.0,0.9679747830568021,0.0,0.004274933729768883,0.9990148504938147,0.0,0.9772694229023046,0.0,0.001910448706566609
328,329,802.0,1787.0,0.9970142306639606,0.0,0.9666627798068856,0.0,0.0053486034553239,0.9988457558781692,0.0,0.9765360604905116,0.0,0.0022010800156542208
329,330,802.0,1780.0,0.9969681553339629,0.0,0.9664491279015094,0.0,0.00542717973730508,0.998730801475436,0.0,0.9756938824590137,0.0,0.0024120785317706672
330,331,802.0,1780.0,0.9969681553339629,0.0,0.9664491279015094,0.0,0.00542717973730508,0.998730801475436,0.0,0.9756938824590137,0.0,0.0024120785317706672
331,332,801.0,1777.0,0.9977865946926442,0.0,0.9680635539188951,0.0,0.004161667043236971,0.999091289286684,0.0,0.977573923754084,0.0,0.0017681643559891887
332,333,801.0,1777.0,0.9977865946926442,0.0,0.9680635539188951,0.0,0.004161667043236971,0.999091289286684,0.0,0.977573923754084,0.0,0.0017681643559891887
333,334,801.0,1781.0,0.9977949086635893,0.0,0.9682802150060371,0.0,0.004158544420438943,0.998952543440738,0.0,0.9760285590708793,0.0,0.002030592927867279
334,335,801.0,1781.0,0.9977949086635893,0.0,0.9682802150060371,0.0,0.004158544420438943,0.998952543440738,0.0,0.9760285590708793,0.0,0.002030592927867279
335,336,801.0,1781.0,0.9977949086635893,0.0,0.9682802150060371,0.0,0.004158544420438943,0.998952543440738,0.0,0.9760285590708793,0.0,0.002030592927867279
336,337,801.0,1781.0,0.9977949086635893,0.0,0.9682802150060371,0.0,0.004158544420438943,0.998952543440738,0.0,0.9760285590708793,0.0,0.002030592927867279
337,338,801.0,1781.0,0.9977949086635893,0.0,0.9682802150060371,0.0,0.004158544420438943,0.998952543440738,0.0,0.9760285590708793,0.0,0.002030592927867279
338,339,799.0,1775.0,0.9977826755652892,0.0,0.9679597371479728,0.0,0.004186677995674109,0.9989810939590007,0.0,0.9768222730028449,0.0,0.001974903058600053
339,340,800.0,1774.0,0.997571568188612,0.0,0.9671788544797313,0.0,0.0045566527934091244,0.9990113103501325,0.0,0.9771459766110427,0.0,0.0019207184286503573
340,341,799.0,1774.0,0.9972562485327474,0.0,0.9666718073521834,0.0,0.0050460832314072855,0.998939297719875,0.0,0.9757441753924907,0.0,0.0020602848875256926
341,342,799.0,1774.0,0.9972562485327474,0.0,0.9666718073521834,0.0,0.0050460832314072855,0.998939297719875,0.0,0.9757441753924907,0.0,0.0020602848875256926
342,343,799.0,1770.0,0.9977931579172128,0.0,0.9678814984220603,0.0,0.004181634872228041,0.9988994884699467,0.0,0.9760623924988546,0.0,0.002134752332341723
343,344,799.0,1772.0,0.9975642360738498,0.0,0.968060544737129,0.0,0.004489328326647107,0.9989464920363027,0.0,0.9763065418304616,0.0,0.0020435306275229386
344,345,799.0,1772.0,0.9975642360738498,0.0,0.968060544737129,0.0,0.004489328326647107,0.9989464920363027,0.0,0.9763065418304616,0.0,0.0020435306275229386
345,346,799.0,1772.0,0.9975642360738498,0.0,0.968060544737129,0.0,0.004489328326647107,0.9989464920363027,0.0,0.9763065418304616,0.0,0.0020435306275229386
346,347,799.0,1766.0,0.9972475916035864,0.0,0.9678258285593917,0.0,0.004948429961353983,0.998895572161423,0.0,0.9759325452887866,0.0,0.002143835626400574
347,348,799.0,1766.0,0.9972475916035864,0.0,0.9678258285593917,0.0,0.004948429961353983,0.998895572161423,0.0,0.9759325452887866,0.0,0.002143835626400574
348,349,798.0,1769.0,0.9976311461154673,0.0,0.9683599583228326,0.0,0.004410089207079121,0.9987671597078467,0.0,0.9756472471934258,0.0,0.0023726106894491465
349,350,798.0,1769.0,0.9976311461154673,0.0,0.9683599583228326,0.0,0.004410089207079121,0.9987671597078467,0.0,0.9756472471934258,0.0,0.0023726106894491465
350,351,798.0,1769.0,0.9976311461154673,0.0,0.9683599583228326,0.0,0.004410089207079121,0.9987671597078467,0.0,0.9756472471934258,0.0,0.0023726106894491465
351,352,798.0,1769.0,0.9976311461154673,0.0,0.9683599583228326,0.0,0.004410089207079121,0.9987671597078467,0.0,0.9756472471934258,0.0,0.0023726106894491465
352,353,798.0,1769.0,0.9976311461154673,0.0,0.9683599583228326,0.0,0.004410089207079121,0.9987671597078467,0.0,0.9756472471934258,0.0,0.0023726106894491465
353,354,798.0,1769.0,0.9976311461154673,0.0,0.9683599583228326,0.0,0.004410089207079121,0.9987671597078467,0.0,0.9756472471934258,0.0,0.0023726106894491465
354,355,798.0,1769.0,0.9976311461154673,0.0,0.9683599583228326,0.0,0.004410089207079121,0.9987671597078467,0.0,0.9756472471934258,0.0,0.0023726106894491465
355,356,799.0,1775.0,0.9977719442920802,0.0,0.9679115902397188,0.0,0.004196563200748988,0.9990437627594507,0.0,0.9775803246728901,0.0,0.0018578507090036387
356,357,799.0,1775.0,0.9977719442920802,0.0,0.9679115902397188,0.0,0.004196563200748988,0.9990437627594507,0.0,0.9775803246728901,0.0,0.0018578507090036387
357,358,799.0,1777.0,0.9979295640160276,0.0,0.9679206177850166,0.0,0.003942663133854317,0.9989431550478486,0.0,0.976451934129059,0.0,0.0020500289715349586
358,359,799.0,1769.0,0.9979682104285408,0.0,0.9683554445501837,0.0,0.003863296304418305,0.9989232943306272,0.0,0.9761382891075565,0.0,0.0020864809790713474
359,360,799.0,1769.0,0.9979682104285408,0.0,0.9683554445501837,0.0,0.003863296304418305,0.9989232943306272,0.0,0.9761382891075565,0.0,0.0020864809790713474
360,361,799.0,1769.0,0.9979682104285408,0.0,0.9683554445501837,0.0,0.003863296304418305,0.9989232943306272,0.0,0.9761382891075565,0.0,0.0020864809790713474
361,362,799.0,1768.0,0.9982979675189807,0.0,0.9697095763448221,0.0,0.0032739351565986637,0.9989593301360309,0.0,0.9763358031735755,0.0,0.002016201897570599
362,363,799.0,1768.0,0.9982979675189807,0.0,0.9697095763448221,0.0,0.0032739351565986637,0.9989593301360309,0.0,0.9763358031735755,0.0,0.002016201897570599
363,364,799.0,1775.0,0.9979061654151642,0.0,0.9680876273730219,0.0,0.003969033722923213,0.9988485004397649,0.0,0.9758694505176971,0.0,0.002219637280002046
364,365,799.0,1775.0,0.9979061654151642,0.0,0.9680876273730219,0.0,0.003969033722923213,0.9988485004397649,0.0,0.9758694505176971,0.0,0.002219637280002046
365,366,799.0,1779.0,0.9977741182046426,0.0,0.9680951503274366,0.0,0.004196325995227476,0.9989077339508441,0.0,0.9760843385061903,0.0,0.002112932068117522
366,367,799.0,1779.0,0.9977741182046426,0.0,0.9680951503274366,0.0,0.004196325995227476,0.9989077339508441,0.0,0.9760843385061903,0.0,0.002112932068117522
367,368,799.0,1771.0,0.9977510736251637,0.0,0.967624213381079,0.0,0.00425063044121122,0.9988169406027707,0.0,0.9755466613264716,0.0,0.002281216108902083
368,369,799.0,1771.0,0.9977510736251637,0.0,0.967624213381079,0.0,0.00425063044121122,0.9988169406027707,0.0,0.9755466613264716,0.0,0.002281216108902083
369,370,799.0,1771.0,0.9977510736251637,0.0,0.967624213381079,0.0,0.00425063044121122,0.9988169406027707,0.0,0.9755466613264716,0.0,0.002281216108902083
370,371,799.0,1772.0,0.9978104496491981,0.0,0.9681869303712953,0.0,0.00414349089980803,0.9988114855572303,0.0,0.9756161570163672,0.0,0.0022945070716553473
371,372,799.0,1772.0,0.9978104496491981,0.0,0.9681869303712953,0.0,0.00414349089980803,0.9988114855572303,0.0,0.9756161570163672,0.0,0.0022945070716553473
372,373,799.0,1772.0,0.9978104496491981,0.0,0.9681869303712953,0.0,0.00414349089980803,0.9988114855572303,0.0,0.9756161570163672,0.0,0.0022945070716553473
373,374,799.0,1774.0,0.997842834308478,0.0,0.9683148205963445,0.0,0.00408023143115916,0.9988798361506689,0.0,0.9759672931337344,0.0,0.002164474247236988
374,375,799.0,1774.0,0.997842834308478,0.0,0.9683148205963445,0.0,0.00408023143115916,0.9988798361506689,0.0,0.9759672931337344,0.0,0.002164474247236988
375,376,799.0,1774.0,0.997842834308478,0.0,0.9683148205963445,0.0,0.00408023143115916,0.9988798361506689,0.0,0.9759672931337344,0.0,0.002164474247236988
376,377,799.0,1777.0,0.9978622308082243,0.0,0.9679913335565143,0.0,0.004052598635923458,0.9988568796099091,0.0,0.9756609634480103,0.0,0.002210610861985116
377,378,799.0,1759.0,0.9979112019225133,0.0,0.9675715527001765,0.0,0.003981907889495993,0.9988290801106506,0.0,0.9752668497329444,0.0,0.0022642591345015113
378,379,799.0,1765.0,0.9978590197236378,0.0,0.9676317363354937,0.0,0.004070125780826256,0.9989258186981695,0.0,0.9763659789336618,0.0,0.002079224098571743
379,380,799.0,1765.0,0.9978590197236378,0.0,0.9676317363354937,0.0,0.004070125780826256,0.9989258186981695,0.0,0.9763659789336618,0.0,0.002079224098571743
380,381,799.0,1757.0,0.9976475804519128,0.0,0.966965202574355,0.0,0.0044393218068074745,0.9988930989103576,0.0,0.9761209151850827,0.0,0.002144269409797575
381,382,799.0,1757.0,0.9976475804519128,0.0,0.966965202574355,0.0,0.0044393218068074745,0.9988930989103576,0.0,0.9761209151850827,0.0,0.002144269409797575
382,383,799.0,1757.0,0.9976475804519128,0.0,0.966965202574355,0.0,0.0044393218068074745,0.9988930989103576,0.0,0.9761209151850827,0.0,0.002144269409797575
383,384,799.0,1760.0,0.9975373857644905,0.0,0.9669531658472915,0.0,0.004609128258928853,0.9988188161842624,0.0,0.9750080697297806,0.0,0.0022845477034937937
384,385,799.0,1760.0,0.9975373857644905,0.0,0.9669531658472915,0.0,0.004609128258928853,0.9988188161842624,0.0,0.9750080697297806,0.0,0.0022845477034937937
385,386,799.0,1760.0,0.9975373857644905,0.0,0.9669531658472915,0.0,0.004609128258928853,0.9988188161842624,0.0,0.9750080697297806,0.0,0.0022845477034937937
386,387,799.0,1764.0,0.9975569454459686,0.0,0.9666266696256954,0.0,0.004592215252626584,0.9987841094072533,0.0,0.9748270151692633,0.0,0.002350324921419291
387,388,799.0,1757.0,0.9978433874668908,0.0,0.9680123978288753,0.0,0.004066973421829852,0.9988174412821068,0.0,0.9751406601907657,0.0,0.0022878288091317395
388,389,799.0,1757.0,0.9978433874668908,0.0,0.9680123978288753,0.0,0.004066973421829852,0.9988174412821068,0.0,0.9751406601907657,0.0,0.0022878288091317395
389,390,799.0,1757.0,0.9978433874668908,0.0,0.9680123978288753,0.0,0.004066973421829852,0.9988174412821068,0.0,0.9751406601907657,0.0,0.0022878288091317395
390,391,799.0,1760.0,0.9976297410930987,0.0,0.9669095327116864,0.0,0.004456233650403657,0.9989128888509189,0.0,0.9758822523553096,0.0,0.002108669043798789
391,392,799.0,1770.0,0.9977866942611586,0.0,0.9676482868352059,0.0,0.004174520584141437,0.9988781846952675,0.0,0.9759554057130944,0.0,0.002169651721598107
392,393,799.0,1754.0,0.9976712252082698,0.0,0.9671292029805946,0.0,0.004377344071147991,0.9987962987209309,0.0,0.9751781512866304,0.0,0.002322606340018456
393,394,799.0,1755.0,0.9973746769831449,0.0,0.966039879181352,0.0,0.004907815840672848,0.9988310723425636,0.0,0.9754698503007976,0.0,0.0022610356602948507
394,395,799.0,1755.0,0.9973746769831449,0.0,0.966039879181352,0.0,0.004907815840672848,0.9988310723425636,0.0,0.9754698503007976,0.0,0.0022610356602948507
395,396,799.0,1755.0,0.9973746769831449,0.0,0.966039879181352,0.0,0.004907815840672848,0.9988310723425636,0.0,0.9754698503007976,0.0,0.0022610356602948507
396,397,799.0,1755.0,0.9973746769831449,0.0,0.966039879181352,0.0,0.004907815840672848,0.9988310723425636,0.0,0.9754698503007976,0.0,0.0022610356602948507
397,398,799.0,1756.0,0.9975857843598221,0.0,0.9670584872090966,0.0,0.004531520835405629,0.9988205082707097,0.0,0.9753107417476155,0.0,0.002279343014900562
398,399,799.0,1756.0,0.9975857843598221,0.0,0.9670584872090966,0.0,0.004531520835405629,0.9988205082707097,0.0,0.9753107417476155,0.0,0.002279343014900562
399,400,799.0,1762.0,0.997665372792262,0.0,0.9665770181265585,0.0,0.004422969238848992,0.998852078593135,0.0,0.9755036837287729,0.0,0.0022211710968696955
