Event id,Event name,Taxon,Type,Level-Placed
516,F_189,189,0,1000.0000
521,F_196,196,0,1000.0000
526,F_206,206,0,1000.0000
834,F_672,672,0,1000.0000
939,F_82,82,0,1000.0000
145,F_121,121,0,1012.0408
249,F_135,135,0,1012.0408
293,F_142,142,0,1012.0408
317,F_145,145,0,1012.0408
342,F_148,148,0,1012.0408
424,F_160,160,0,1012.0408
505,F_176,176,0,1012.0408
506,F_177,177,0,1012.0408
510,F_180,180,0,1012.0408
512,F_183,183,0,1012.0408
515,F_188,188,0,1012.0408
517,F_190,190,0,1012.0408
520,F_195,195,0,1012.0408
541,F_235,235,0,1012.0408
542,F_236,236,0,1012.0408
544,F_24,24,0,1012.0408
545,F_240,240,0,1012.0408
573,F_29,29,0,1012.0408
655,F_42,42,0,1012.0408
679,F_45,45,0,1012.0408
689,F_461,461,0,1012.0408
721,F_515,515,0,1012.0408
765,F_58,58,0,1012.0408
798,F_62,62,0,1012.0408
800,F_622,622,0,1012.0408
803,F_63,63,0,1012.0408
986,F_90,90,0,1012.0408
1031,F_976,976,0,1012.0408
107,F_116,116,0,1037.5816
154,F_122,122,0,1037.5816
160,F_123,123,0,1037.5816
370,F_152,152,0,1037.5816
391,F_155,155,0,1037.5816
503,F_175,175,0,1037.5816
514,F_186,186,0,1037.5816
518,F_193,193,0,1037.5816
527,F_207,207,0,1037.5816
549,F_245,245,0,1037.5816
558,F_260,260,0,1037.5816
559,F_261,261,0,1037.5816
924,F_8,8,0,1037.5816
1416,L_152,152,1,1040.9232
70,F_111,111,0,1041.9622
467,F_167,167,0,1041.9622
481,F_169,169,0,1041.9622
525,F_200,200,0,1041.9622
1558,L_183,183,1,1041.9622
1701,L_42,42,1,1041.9622
523,F_198,198,0,1043.0667
925,F_80,80,0,1043.0667
1605,L_261,261,1,1043.0667
2032,L_90,90,1,1043.0667
303,F_143,143,0,1043.0811
492,F_171,171,0,1043.0811
496,F_173,173,0,1043.0811
528,F_208,208,0,1043.0811
539,F_233,233,0,1043.0811
555,F_255,255,0,1043.0811
810,F_64,64,0,1043.0811
866,F_72,72,0,1043.0811
113,F_117,117,0,1043.1057
377,F_153,153,0,1043.1057
1844,L_62,62,1,1043.1057
511,F_181,181,0,1043.4249
535,F_224,224,0,1043.4249
1363,L_145,145,1,1043.4249
1811,L_58,58,1,1043.4249
509,F_178,178,0,1094.9237
522,F_197,197,0,1094.9237
524,F_199,199,0,1094.9237
529,F_211,211,0,1094.9237
584,F_308,308,0,1094.9237
593,F_330,330,0,1094.9237
705,F_49,49,0,1094.9237
1191,L_121,121,1,1094.9237
1423,L_153,153,1,1094.9237
1549,L_175,175,1,1094.9237
1562,L_189,189,1,1094.9237
1571,L_200,200,1,1094.9237
1912,L_72,72,1,1094.9237
1985,L_82,82,1,1094.9237
513,F_185,185,0,1096.4213
531,F_213,213,0,1096.4213
533,F_220,220,0,1099.5165
537,F_227,227,0,1099.5165
543,F_237,237,0,1099.5165
589,F_315,315,0,1099.5165
1542,L_173,173,1,1099.5165
1569,L_198,198,1,1099.5165
1587,L_235,235,1,1099.5165
536,F_226,226,0,1111.9646
552,F_250,250,0,1111.9646
556,F_258,258,0,1111.9646
1555,L_178,178,1,1111.9646
1557,L_181,181,1,1111.9646
1751,L_49,49,1,1111.9646
399,F_156,156,0,1113.5951
530,F_212,212,0,1113.5951
534,F_221,221,0,1113.5951
610,F_363,363,0,1113.5951
1574,L_208,208,1,1113.5951
1619,L_29,29,1,1113.5951
1725,L_45,45,1,1113.5951
1849,L_63,63,1,1113.5951
1856,L_64,64,1,1113.5951
553,F_251,251,0,1118.0930
1583,L_227,227,1,1118.0930
265,F_137,137,0,1118.1009
731,F_532,532,0,1118.1009
807,F_636,636,0,1118.1009
1295,L_135,135,1,1118.1009
1579,L_220,220,1,1118.1009
1595,L_245,245,1,1118.1009
547,F_242,242,0,1122.2398
548,F_244,244,0,1122.2398
1339,L_142,142,1,1122.2398
1970,L_8,8,1,1122.2398
1153,L_116,116,1,1124.6358
1445,L_156,156,1,1124.6358
1561,L_188,188,1,1124.6358
1575,L_211,211,1,1124.6358
1591,L_240,240,1,1124.6358
1635,L_315,315,1,1124.6958
1200,L_122,122,1,1125.3660
1437,L_155,155,1,1125.3660
1593,L_242,242,1,1125.3780
590,F_323,323,0,1146.6982
622,F_384,384,0,1146.6982
1470,L_160,160,1,1146.6982
1551,L_176,176,1,1146.6982
1585,L_233,233,1,1146.6982
538,F_230,230,0,1149.6504
1580,L_221,221,1,1149.6504
576,F_295,295,0,1152.6130
1668,L_384,384,1,1154.9560
546,F_241,241,0,1177.2298
550,F_246,246,0,1177.2298
1601,L_255,255,1,1177.2298
568,F_275,275,0,1180.6805
582,F_303,303,0,1180.6805
604,F_351,351,0,1189.2629
1568,L_197,197,1,1193.7209
1116,L_111,111,1,1193.7279
1159,L_117,117,1,1193.7279
1311,L_137,137,1,1193.7279
1589,L_237,237,1,1193.7279
1590,L_24,24,1,1195.2069
1596,L_246,246,1,1195.2069
562,F_267,267,0,1199.5329
1206,L_123,123,1,1199.5329
1513,L_167,167,1,1199.5329
1584,L_230,230,1,1199.5329
1570,L_199,199,1,1199.5425
1639,L_330,330,1,1199.5425
565,F_271,271,0,1199.7346
566,F_272,272,0,1201.8632
560,F_264,264,0,1207.1599
564,F_270,270,0,1207.1599
569,F_281,281,0,1210.1441
579,F_298,298,0,1210.4911
585,F_31,31,0,1210.4911
1604,L_260,260,1,1210.4911
532,F_217,217,0,1212.5208
557,F_259,259,0,1212.5208
567,F_274,274,0,1212.5208
570,F_285,285,0,1212.5208
571,F_287,287,0,1212.5208
575,F_294,294,0,1212.5208
577,F_296,296,0,1212.5208
627,F_389,389,0,1212.5208
540,F_234,234,0,1226.4524
551,F_248,248,0,1226.4524
561,F_265,265,0,1226.4524
583,F_307,307,0,1226.4524
1559,L_185,185,1,1226.4524
1567,L_196,196,1,1226.4585
241,F_134,134,0,1228.6419
578,F_297,297,0,1228.6419
1607,L_265,265,1,1228.6419
1971,L_80,80,1,1228.6419
1538,L_171,171,1,1228.9013
1556,L_180,180,1,1228.9013
1592,L_241,241,1,1228.9013
1606,L_264,264,1,1228.9013
581,F_302,302,0,1229.9702
603,F_349,349,0,1229.9702
703,F_488,488,0,1229.9702
1612,L_272,272,1,1230.3446
572,F_289,289,0,1230.8264
580,F_300,300,0,1230.8264
592,F_328,328,0,1230.8264
1563,L_190,190,1,1230.8264
587,F_312,312,0,1230.8321
1594,L_244,244,1,1230.8321
1631,L_31,31,1,1230.8321
1616,L_285,285,1,1230.8380
1582,L_226,226,1,1231.3448
1627,L_302,302,1,1231.3448
1588,L_236,236,1,1231.7433
1610,L_270,270,1,1231.7433
1624,L_297,297,1,1231.7433
1388,L_148,148,1,1231.7683
1527,L_169,169,1,1231.7683
1566,L_195,195,1,1231.7683
1577,L_213,213,1,1231.7683
1578,L_217,217,1,1231.7683
1581,L_224,224,1,1231.7683
1603,L_259,259,1,1231.7683
1608,L_267,267,1,1231.7683
1613,L_274,274,1,1231.7683
598,F_339,339,0,1232.6851
1625,L_298,298,1,1232.6851
1564,L_193,193,1,1233.3971
1586,L_234,234,1,1233.3971
1599,L_251,251,1,1233.3971
1644,L_339,339,1,1233.3985
1615,L_281,281,1,1233.6953
1617,L_287,287,1,1234.3082
602,F_347,347,0,1236.7306
594,F_332,332,0,1236.7331
613,F_366,366,0,1242.2234
596,F_336,336,0,1253.6541
674,F_445,445,0,1253.6541
1636,L_323,323,1,1253.6593
599,F_341,341,0,1254.6431
615,F_368,368,0,1254.6431
626,F_388,388,0,1254.6431
656,F_420,420,0,1254.6431
586,F_311,311,0,1260.4371
597,F_338,338,0,1260.4371
600,F_345,345,0,1260.4371
620,F_380,380,0,1260.4371
612,F_365,365,0,1260.4726
1630,L_308,308,1,1260.4726
608,F_361,361,0,1265.3299
614,F_367,367,0,1268.7337
623,F_385,385,0,1268.7337
631,F_394,394,0,1268.8972
591,F_325,325,0,1269.2232
595,F_334,334,0,1269.2232
601,F_346,346,0,1269.2232
588,F_313,313,0,1269.7228
606,F_355,355,0,1269.7228
607,F_357,357,0,1269.7228
616,F_371,371,0,1269.7228
617,F_372,372,0,1269.7228
619,F_378,378,0,1269.7228
624,F_386,386,0,1269.7228
625,F_387,387,0,1269.7228
1632,L_311,311,1,1269.7238
554,F_254,254,0,1270.6672
574,F_293,293,0,1270.6672
609,F_362,362,0,1270.6672
611,F_364,364,0,1270.6672
621,F_381,381,0,1270.6672
629,F_392,392,0,1270.6672
647,F_410,410,0,1270.6672
673,F_443,443,0,1270.6672
628,F_391,391,0,1271.3897
726,F_524,524,0,1271.3897
1663,L_372,372,1,1271.3897
1560,L_186,186,1,1271.3935
563,F_268,268,0,1273.2042
637,F_400,400,0,1273.2042
641,F_404,404,0,1273.2042
642,F_405,405,0,1273.2042
1598,L_250,250,1,1273.2077
635,F_398,398,0,1273.4764
1673,L_389,389,1,1273.4764
197,F_128,128,0,1274.8150
519,F_194,194,0,1274.8150
618,F_374,374,0,1274.8150
633,F_396,396,0,1274.8150
648,F_411,411,0,1274.8150
652,F_415,415,0,1274.8150
680,F_450,450,0,1274.8150
638,F_401,401,0,1275.5556
643,F_406,406,0,1275.5556
644,F_407,407,0,1275.5556
649,F_412,412,0,1275.5556
659,F_424,424,0,1275.5556
677,F_448,448,0,1276.0044
750,F_561,561,0,1276.0044
1614,L_275,275,1,1276.0044
1621,L_294,294,1,1276.0044
653,F_418,418,0,1277.0466
660,F_425,425,0,1277.0466
671,F_440,440,0,1277.0466
681,F_451,451,0,1277.0466
691,F_466,466,0,1277.0466
1646,L_345,345,1,1277.0466
651,F_414,414,0,1279.0990
646,F_409,409,0,1280.2057
661,F_426,426,0,1280.2057
662,F_427,427,0,1280.2057
669,F_438,438,0,1280.2057
676,F_447,447,0,1280.2057
1602,L_258,258,1,1280.2057
1609,L_268,268,1,1280.2057
1649,L_349,349,1,1280.2057
1697,L_414,414,1,1280.8758
665,F_432,432,0,1281.1222
1653,L_357,357,1,1281.3774
657,F_422,422,0,1281.9065
756,F_568,568,0,1281.9065
867,F_720,720,0,1281.9065
1552,L_177,177,1,1281.9065
1656,L_363,363,1,1281.9065
1692,L_409,409,1,1281.9065
675,F_446,446,0,1282.7100
1623,L_296,296,1,1282.7100
668,F_437,437,0,1283.5869
670,F_439,439,0,1283.5869
666,F_435,435,0,1283.6119
1349,L_143,143,1,1285.1398
1658,L_365,365,1,1285.1398
1694,L_411,411,1,1285.1398
639,F_402,402,0,1291.4903
1657,L_364,364,1,1291.6034
1662,L_371,371,1,1291.6034
1671,L_387,387,1,1291.6034
636,F_399,399,0,1291.6835
654,F_419,419,0,1291.6835
1620,L_293,293,1,1291.6835
1637,L_325,325,1,1291.6835
1643,L_338,338,1,1291.6835
1672,L_388,388,1,1291.6835
1683,L_400,400,1,1291.6835
1712,L_435,435,1,1291.6835
685,F_456,456,0,1295.2181
1661,L_368,368,1,1295.7799
1642,L_336,336,1,1297.1187
1648,L_347,347,1,1297.1187
1693,L_410,410,1,1297.1187
1699,L_418,418,1,1297.1187
605,F_352,352,0,1297.8186
634,F_397,397,0,1297.8186
650,F_413,413,0,1297.8186
686,F_457,457,0,1297.8186
1572,L_206,206,1,1297.8186
1287,L_134,134,1,1299.5054
1622,L_295,295,1,1299.5054
1698,L_415,415,1,1299.5054
632,F_395,395,0,1299.9160
678,F_449,449,0,1300.1873
1634,L_313,313,1,1300.1873
1641,L_334,334,1,1300.1873
1702,L_420,420,1,1300.1873
684,F_454,454,0,1300.1913
1696,L_413,413,1,1300.1930
645,F_408,408,0,1302.7579
658,F_423,423,0,1302.7579
1705,L_424,424,1,1302.7579
1732,L_457,457,1,1304.7492
1618,L_289,289,1,1305.8655
1685,L_402,402,1,1305.8655
1573,L_207,207,1,1305.8676
630,F_393,393,0,1308.6631
667,F_436,436,0,1308.6631
1660,L_367,367,1,1308.6631
1714,L_437,437,1,1308.6631
1611,L_271,271,1,1310.3483
1665,L_378,378,1,1310.3483
1689,L_406,406,1,1310.3483
1664,L_374,374,1,1310.3749
1682,L_399,399,1,1310.3749
1707,L_426,426,1,1310.3749
688,F_460,460,0,1311.4470
1659,L_366,366,1,1311.4470
640,F_403,403,0,1311.6987
1684,L_401,401,1,1311.6987
1724,L_449,449,1,1311.6987
1711,L_432,432,1,1312.1216
1600,L_254,254,1,1313.7998
1704,L_423,423,1,1313.7998
1717,L_440,440,1,1313.7998
1716,L_439,439,1,1314.8098
785,F_600,600,0,1318.4847
1647,L_346,346,1,1318.4847
1655,L_362,362,1,1318.4847
1678,L_395,395,1,1318.4847
682,F_452,452,0,1331.9069
690,F_462,462,0,1331.9069
1629,L_307,307,1,1331.9069
694,F_476,476,0,1339.7147
1640,L_332,332,1,1339.7147
1690,L_407,407,1,1339.7147
1728,L_452,452,1,1339.7147
1730,L_454,454,1,1339.7147
1687,L_404,404,1,1343.7011
1723,L_448,448,1,1343.7011
1740,L_476,476,1,1343.8973
722,F_516,516,0,1346.7800
687,F_459,459,0,1348.1034
1651,L_352,352,1,1348.1034
1680,L_397,397,1,1348.1044
1733,L_459,459,1,1348.1044
710,F_496,496,0,1348.1811
775,F_590,590,0,1348.1811
1691,L_408,408,1,1348.1811
695,F_477,477,0,1354.2696
696,F_478,478,0,1355.3117
702,F_487,487,0,1355.3117
1686,L_403,403,1,1355.3117
1675,L_392,392,1,1356.2584
664,F_431,431,0,1357.0483
1638,L_328,328,1,1357.4460
1742,L_478,478,1,1357.4460
718,F_507,507,0,1360.1057
692,F_469,469,0,1360.6402
711,F_497,497,0,1360.6402
719,F_511,511,0,1360.6402
663,F_428,428,0,1361.6789
699,F_481,481,0,1361.6789
706,F_491,491,0,1361.6789
715,F_501,501,0,1361.6789
723,F_517,517,0,1361.6789
1679,L_396,396,1,1361.6789
698,F_480,480,0,1361.9310
709,F_495,495,0,1361.9310
712,F_498,498,0,1361.9310
1700,L_419,419,1,1361.9310
683,F_453,453,0,1365.8416
697,F_479,479,0,1366.3111
704,F_489,489,0,1366.3111
708,F_494,494,0,1366.3111
717,F_504,504,0,1366.3111
1758,L_498,498,1,1366.3111
701,F_485,485,0,1366.7015
724,F_518,518,0,1366.7015
1667,L_381,381,1,1366.7015
1674,L_391,391,1,1366.7015
1706,L_425,425,1,1366.7015
1720,L_445,445,1,1366.7015
1731,L_456,456,1,1366.7015
716,F_502,502,0,1367.2230
732,F_533,533,0,1367.2230
1652,L_355,355,1,1367.6273
728,F_526,526,0,1368.2390
1677,L_394,394,1,1368.2390
1626,L_300,300,1,1368.5177
1737,L_466,466,1,1368.5177
733,F_534,534,0,1372.2654
1650,L_351,351,1,1372.6256
744,F_550,550,0,1374.0375
1749,L_488,488,1,1374.0375
700,F_482,482,0,1374.0485
742,F_548,548,0,1374.0485
1576,L_212,212,1,1374.0485
1762,L_502,502,1,1374.0485
741,F_547,547,0,1378.7776
1748,L_487,487,1,1378.7776
735,F_538,538,0,1386.3320
755,F_566,566,0,1386.3320
1038,F_987,987,0,1386.3320
1752,L_491,491,1,1386.3320
1761,L_501,501,1,1386.3320
707,F_492,492,0,1397.3073
725,F_523,523,0,1397.3073
737,F_540,540,0,1397.3073
1708,L_427,427,1,1397.3073
727,F_525,525,0,1397.3861
734,F_537,537,0,1397.4494
736,F_539,539,0,1397.4494
746,F_553,553,0,1397.4494
1727,L_451,451,1,1397.4494
730,F_530,530,0,1398.5858
1695,L_412,412,1,1398.5858
1709,L_428,428,1,1398.7343
763,F_576,576,0,1398.7954
1710,L_431,431,1,1398.7954
714,F_500,500,0,1417.0012
1736,L_462,462,1,1417.0012
739,F_545,545,0,1417.5030
1681,L_398,398,1,1417.5030
1782,L_539,539,1,1417.5030
1666,L_380,380,1,1417.5043
1722,L_447,447,1,1417.7645
1741,L_477,477,1,1417.7645
1670,L_386,386,1,1418.9854
1597,L_248,248,1,1421.4164
1734,L_460,460,1,1421.4164
738,F_543,543,0,1422.3724
754,F_565,565,0,1422.3724
1703,L_422,422,1,1422.3724
796,F_617,617,0,1422.6362
1755,L_495,495,1,1422.6362
1669,L_385,385,1,1422.7568
729,F_527,527,0,1423.7439
780,F_595,595,0,1423.7439
713,F_499,499,0,1423.7760
720,F_512,512,0,1423.7760
743,F_549,549,0,1423.7760
771,F_585,585,0,1423.7760
751,F_562,562,0,1427.2786
1765,L_511,511,1,1427.2786
1769,L_517,517,1,1427.2786
748,F_555,555,0,1427.2838
789,F_607,607,0,1427.2838
1778,L_533,533,1,1427.2838
1763,L_504,504,1,1427.4464
1788,L_548,548,1,1427.4464
1746,L_482,482,1,1427.8195
672,F_441,441,0,1434.3123
757,F_569,569,0,1434.3123
769,F_583,583,0,1434.3123
1565,L_194,194,1,1434.3123
1738,L_469,469,1,1434.3123
745,F_551,551,0,1434.3148
1754,L_494,494,1,1434.3148
753,F_564,564,0,1440.6135
779,F_594,594,0,1440.6135
777,F_592,592,0,1440.7649
1785,L_545,545,1,1440.8878
1757,L_497,497,1,1442.0932
1776,L_530,530,1,1442.0932
1784,L_543,543,1,1442.0932
1803,L_569,569,1,1442.0932
762,F_575,575,0,1442.2160
1750,L_489,489,1,1442.2160
1718,L_441,441,1,1443.1418
1745,L_481,481,1,1443.1418
1764,L_507,507,1,1443.1418
1774,L_526,526,1,1443.1418
758,F_570,570,0,1448.7056
770,F_584,584,0,1448.7056
773,F_588,588,0,1453.8953
1747,L_485,485,1,1454.1126
1768,L_516,516,1,1454.1126
752,F_563,563,0,1454.6947
764,F_579,579,0,1454.6947
1743,L_479,479,1,1454.6947
784,F_599,599,0,1454.9598
1804,L_570,570,1,1454.9598
740,F_546,546,0,1455.6185
774,F_589,589,0,1455.6185
693,F_471,471,0,1455.7018
1759,L_499,499,1,1455.7018
1775,L_527,527,1,1455.7018
1817,L_585,585,1,1455.7018
1729,L_453,453,1,1456.3098
1789,L_549,549,1,1456.3098
766,F_580,580,0,1458.0901
776,F_591,591,0,1458.0901
782,F_597,597,0,1458.0901
876,F_732,732,0,1458.0901
1800,L_565,565,1,1458.0901
788,F_606,606,0,1458.1145
1756,L_496,496,1,1458.1145
787,F_605,605,0,1459.0299
894,F_754,754,0,1460.6797
1719,L_443,443,1,1460.6797
790,F_609,609,0,1463.0733
760,F_572,572,0,1464.3425
783,F_598,598,0,1464.3425
1794,L_555,555,1,1464.4980
797,F_619,619,0,1466.4617
1815,L_583,583,1,1466.4617
1753,L_492,492,1,1466.4632
1825,L_594,594,1,1466.4811
768,F_582,582,0,1467.0458
781,F_596,596,0,1467.0703
792,F_612,612,0,1467.0703
795,F_616,616,0,1467.0703
1846,L_622,622,1,1467.0703
747,F_554,554,0,1469.8327
802,F_625,625,0,1470.0371
1676,L_393,393,1,1470.0371
761,F_573,573,0,1470.3636
1744,L_480,480,1,1470.3636
759,F_571,571,0,1473.2857
791,F_611,611,0,1474.4652
793,F_613,613,0,1474.4652
809,F_639,639,0,1474.4652
749,F_560,560,0,1499.4688
772,F_586,586,0,1500.5253
786,F_602,602,0,1500.5253
823,F_656,656,0,1500.9877
1735,L_461,461,1,1500.9877
1801,L_566,566,1,1501.1174
816,F_647,647,0,1509.1875
794,F_615,615,0,1511.3133
805,F_631,631,0,1511.3133
819,F_650,650,0,1511.3133
820,F_651,651,0,1511.3133
1715,L_438,438,1,1511.4029
1830,L_599,599,1,1511.4029
1802,L_568,568,1,1512.7075
1791,L_551,551,1,1512.7330
1779,L_534,534,1,1512.9070
1839,L_613,613,1,1512.9070
1771,L_523,523,1,1512.9636
828,F_662,662,0,1513.2388
801,F_624,624,0,1513.4583
806,F_635,635,0,1513.4583
808,F_638,638,0,1513.4583
811,F_640,640,0,1513.4583
1819,L_588,588,1,1513.6275
799,F_620,620,0,1513.9431
812,F_641,641,0,1513.9431
815,F_644,644,0,1513.9431
1787,L_547,547,1,1513.9431
804,F_630,630,0,1514.7755
813,F_642,642,0,1514.7755
817,F_648,648,0,1514.7755
824,F_657,657,0,1514.7755
830,F_664,664,0,1514.7755
1721,L_446,446,1,1515.0622
827,F_661,661,0,1518.8344
829,F_663,663,0,1518.8344
1831,L_600,600,1,1518.8344
821,F_653,653,0,1518.8416
767,F_581,581,0,1520.4904
1818,L_586,586,1,1520.4904
814,F_643,643,0,1520.9482
831,F_665,665,0,1520.9482
1826,L_595,595,1,1521.3670
1814,L_582,582,1,1521.8998
1835,L_607,607,1,1521.8998
1853,L_636,636,1,1522.6932
1816,L_584,584,1,1522.7343
1858,L_641,641,1,1522.7343
1628,L_303,303,1,1524.0252
1739,L_471,471,1,1524.0252
1821,L_590,590,1,1524.0252
1780,L_537,537,1,1524.2291
1836,L_609,609,1,1524.2291
1842,L_617,617,1,1524.2291
1857,L_640,640,1,1524.2291
835,F_673,673,0,1524.3593
1805,L_571,571,1,1524.3732
1828,L_597,597,1,1524.3732
1851,L_631,631,1,1524.6146
891,F_751,751,0,1524.6175
1829,L_598,598,1,1524.6175
1845,L_620,620,1,1524.6175
1861,L_644,644,1,1524.6175
1243,L_128,128,1,1525.9543
825,F_658,658,0,1527.2969
1843,L_619,619,1,1527.2969
1790,L_550,550,1,1527.2978
1863,L_648,648,1,1527.2978
901,F_762,762,0,1536.5258
1874,L_662,662,1,1536.5258
1806,L_572,572,1,1539.1417
1633,L_312,312,1,1540.0906
1773,L_525,525,1,1540.0906
1848,L_625,625,1,1540.0906
1859,L_642,642,1,1540.0906
826,F_659,659,0,1546.2149
842,F_686,686,0,1546.2149
1827,L_596,596,1,1546.2149
1866,L_651,651,1,1546.2149
887,F_746,746,0,1547.1774
1793,L_554,554,1,1547.2796
1855,L_639,639,1,1547.2796
1813,L_581,581,1,1548.3175
1852,L_635,635,1,1548.3175
852,F_702,702,0,1550.6724
1807,L_573,573,1,1550.6724
841,F_684,684,0,1550.7633
840,F_683,683,0,1550.7734
1767,L_515,515,1,1550.7734
822,F_655,655,0,1554.4100
833,F_669,669,0,1554.5629
838,F_680,680,0,1554.5629
849,F_697,697,0,1554.5629
854,F_704,704,0,1554.5629
1777,L_532,532,1,1554.5629
1786,L_546,546,1,1554.5629
1812,L_580,580,1,1554.5629
1869,L_656,656,1,1554.7429
1881,L_673,673,1,1554.7429
839,F_682,682,0,1556.9397
832,F_668,668,0,1572.7019
845,F_690,690,0,1572.7019
853,F_703,703,0,1572.9428
818,F_649,649,0,1572.9591
837,F_679,679,0,1572.9591
843,F_687,687,0,1572.9591
847,F_694,694,0,1572.9591
850,F_698,698,0,1572.9591
882,F_741,741,0,1572.9591
836,F_675,675,0,1574.8954
844,F_689,689,0,1587.3997
328,F_1460,1460,0,1587.8911
355,F_1498,1498,0,1587.8911
875,F_730,730,0,1587.8911
878,F_734,734,0,1587.8911
880,F_738,738,0,1587.8911
1823,L_592,592,1,1587.8911
1850,L_630,630,1,1587.8911
1870,L_657,657,1,1587.8911
1873,L_661,661,1,1587.8911
1878,L_668,668,1,1587.8911
1883,L_679,679,1,1587.8911
1889,L_687,687,1,1587.8911
1933,L_746,746,1,1587.8911
1872,L_659,659,1,1587.9738
862,F_714,714,0,1588.4572
1896,L_698,698,1,1588.4572
857,F_707,707,0,1588.6810
1726,L_450,450,1,1588.6810
1792,L_553,553,1,1588.6810
1877,L_665,665,1,1588.6851
848,F_695,695,0,1591.1379
861,F_713,713,0,1591.8479
1796,L_561,561,1,1591.8479
871,F_725,725,0,1595.7642
856,F_706,706,0,1597.4389
874,F_728,728,0,1597.4389
858,F_709,709,0,1599.9970
883,F_742,742,0,1600.6066
1783,L_540,540,1,1600.6066
778,F_593,593,0,1600.6833
860,F_712,712,0,1601.2012
865,F_718,718,0,1603.5250
863,F_715,715,0,1603.6446
864,F_716,716,0,1603.6446
870,F_724,724,0,1603.6446
872,F_726,726,0,1603.6446
1903,L_707,707,1,1603.6446
1760,L_500,500,1,1604.6756
868,F_721,721,0,1604.7385
859,F_711,711,0,1606.3997
1902,L_706,706,1,1606.9764
869,F_723,723,0,1607.0240
879,F_736,736,0,1607.0240
892,F_752,752,0,1607.0240
881,F_740,740,0,1607.7086
888,F_748,748,0,1607.7086
889,F_749,749,0,1607.7086
873,F_727,727,0,1611.0943
914,F_779,779,0,1611.0943
1924,L_734,734,1,1611.6756
855,F_705,705,0,1612.1482
1854,L_638,638,1,1612.1482
1887,L_684,684,1,1612.1482
1938,L_752,752,1,1612.1482
1837,L_611,611,1,1612.8722
1840,L_615,615,1,1612.8722
1867,L_653,653,1,1612.8722
1909,L_715,715,1,1612.8722
1926,L_738,738,1,1612.8722
1960,L_779,779,1,1613.1458
1822,L_591,591,1,1613.1476
1860,L_643,643,1,1613.1476
1876,L_664,664,1,1613.1476
1925,L_736,736,1,1613.1476
1688,L_405,405,1,1613.1739
1898,L_702,702,1,1613.1739
890,F_750,750,0,1620.2993
1797,L_562,562,1,1620.4291
1809,L_576,576,1,1620.4291
1820,L_589,589,1,1620.4291
1886,L_683,683,1,1620.4291
1916,L_724,724,1,1620.5732
903,F_764,764,0,1620.7329
904,F_767,767,0,1623.0545
908,F_773,773,0,1623.0545
915,F_784,784,0,1623.0545
1810,L_579,579,1,1623.1261
897,F_757,757,0,1623.3484
884,F_743,743,0,1623.4030
1906,L_712,712,1,1623.4030
1954,L_773,773,1,1623.4030
895,F_755,755,0,1623.7722
885,F_744,744,0,1625.2468
893,F_753,753,0,1625.2468
1865,L_650,650,1,1625.2468
896,F_756,756,0,1625.3492
905,F_768,768,0,1626.2637
1885,L_682,682,1,1626.2637
1864,L_649,649,1,1626.3926
899,F_760,760,0,1630.0406
851,F_701,701,0,1630.0891
1921,L_730,730,1,1630.0891
1799,L_564,564,1,1630.1580
1904,L_709,709,1,1630.1620
309,F_1438,1438,0,1630.5154
1770,L_518,518,1,1630.5154
1900,L_704,704,1,1630.5154
1917,L_725,725,1,1630.5154
1918,L_726,726,1,1630.5154
900,F_761,761,0,1645.8075
916,F_785,785,0,1646.0080
1929,L_742,742,1,1646.0080
1945,L_760,760,1,1646.5111
898,F_758,758,0,1647.4186
906,F_769,769,0,1647.4186
1913,L_720,720,1,1647.4186
1922,L_732,732,1,1647.4631
1914,L_721,721,1,1647.5969
1772,L_524,524,1,1649.0779
1888,L_686,686,1,1649.0779
1905,L_711,711,1,1649.0779
1834,L_606,606,1,1649.0935
909,F_774,774,0,1650.1207
907,F_771,771,0,1650.8395
1875,L_663,663,1,1651.2093
1949,L_764,764,1,1651.2093
846,F_693,693,0,1653.3081
1862,L_647,647,1,1653.3081
1943,L_757,757,1,1653.3081
918,F_787,787,0,1653.4942
1934,L_748,748,1,1653.4942
1901,L_705,705,1,1653.6586
922,F_793,793,0,1655.7425
935,F_813,813,0,1655.7425
1713,L_436,436,1,1655.7425
1950,L_767,767,1,1655.7425
913,F_778,778,0,1655.8107
920,F_789,789,0,1656.8052
930,F_807,807,0,1656.8052
1951,L_768,768,1,1656.8052
886,F_745,745,0,1656.8592
1936,L_750,750,1,1657.2256
912,F_777,777,0,1657.6407
921,F_790,790,0,1657.6407
1882,L_675,675,1,1657.6407
943,F_827,827,0,1660.2859
1953,L_771,771,1,1660.2859
929,F_803,803,0,1663.0498
910,F_775,775,0,1663.8937
911,F_776,776,0,1663.8937
933,F_811,811,0,1663.8937
926,F_800,800,0,1667.4648
947,F_835,835,0,1667.4648
1645,L_341,341,1,1667.8952
1891,L_690,690,1,1667.8952
1927,L_740,740,1,1668.3017
1899,L_703,703,1,1668.3933
1928,L_741,741,1,1668.9004
1955,L_774,774,1,1668.9004
927,F_801,801,0,1668.9134
931,F_808,808,0,1670.4597
877,F_733,733,0,1678.2343
952,F_844,844,0,1678.2343
1880,L_672,672,1,1678.2343
1942,L_756,756,1,1678.2761
1956,L_775,775,1,1678.2761
919,F_788,788,0,1678.4286
928,F_802,802,0,1678.8376
1838,L_612,612,1,1678.8376
945,F_831,831,0,1686.3316
949,F_838,838,0,1686.3316
1915,L_723,723,1,1686.3316
940,F_820,820,0,1687.0913
1932,L_745,745,1,1687.0930
1947,L_762,762,1,1687.2115
1962,L_785,785,1,1687.2115
944,F_829,829,0,1690.2643
902,F_763,763,0,1691.0513
1894,L_695,695,1,1691.1792
1964,L_787,787,1,1691.1792
1893,L_694,694,1,1691.1815
1965,L_788,788,1,1691.1815
1974,L_802,802,1,1691.4859
1895,L_697,697,1,1691.7537
1897,L_701,701,1,1691.7537
942,F_826,826,0,1692.5635
1979,L_811,811,1,1692.7854
1766,L_512,512,1,1693.5012
917,F_786,786,0,1693.8298
1890,L_689,689,1,1693.8298
1920,L_728,728,1,1693.8298
1937,L_751,751,1,1693.8298
1940,L_754,754,1,1693.8298
1972,L_800,800,1,1693.8298
1957,L_776,776,1,1693.8304
934,F_812,812,0,1694.2123
951,F_840,840,0,1694.2123
1824,L_593,593,1,1694.2123
953,F_846,846,0,1694.5906
1832,L_602,602,1,1694.5906
950,F_839,839,0,1702.7214
1959,L_778,778,1,1702.8373
955,F_849,849,0,1704.3823
1996,L_839,839,1,1705.2824
1798,L_563,563,1,1706.5670
1967,L_790,790,1,1706.5670
937,F_815,815,0,1706.6105
1911,L_718,718,1,1706.6105
932,F_809,809,0,1707.7112
954,F_847,847,0,1707.7157
960,F_857,857,0,1707.7157
965,F_865,865,0,1712.7188
1995,L_838,838,1,1712.7188
1966,L_789,789,1,1713.5224
1983,L_815,815,1,1713.5651
1990,L_829,829,1,1713.5651
938,F_819,819,0,1718.2676
936,F_814,814,0,1718.3046
957,F_853,853,0,1718.3046
984,F_898,898,0,1718.3046
1931,L_744,744,1,1718.3046
1892,L_693,693,1,1718.5202
964,F_864,864,0,1718.7257
1939,L_753,753,1,1718.7257
1989,L_827,827,1,1718.7257
1958,L_777,777,1,1718.8245
941,F_824,824,0,1728.2734
948,F_837,837,0,1730.6515
946,F_834,834,0,1731.6557
1997,L_840,840,1,1731.6721
961,F_858,858,0,1731.7807
1879,L_669,669,1,1734.9858
1948,L_763,763,1,1734.9858
2007,L_858,858,1,1735.0872
1930,L_743,743,1,1735.2400
975,F_880,880,0,1737.4338
956,F_850,850,0,1737.7989
1973,L_801,801,1,1737.7993
1841,L_616,616,1,1737.8014
1868,L_655,655,1,1737.8017
2000,L_847,847,1,1737.8017
980,F_891,891,0,1738.8632
1941,L_755,755,1,1738.8632
1982,L_814,814,1,1738.8632
2010,L_864,864,1,1738.8632
923,F_799,799,0,1742.0859
1908,L_714,714,1,1742.0859
1998,L_844,844,1,1742.0859
1919,L_727,727,1,1748.8900
969,F_872,872,0,1751.1411
979,F_890,890,0,1760.6216
962,F_861,861,0,1768.2366
1991,L_831,831,1,1768.9862
970,F_873,873,0,1780.8511
1992,L_834,834,1,1780.9983
968,F_871,871,0,1787.7874
959,F_856,856,0,1808.6010
966,F_866,866,0,1808.6647
996,F_917,917,0,1808.6647
972,F_876,876,0,1809.1451
1910,L_716,716,1,1809.1451
985,F_899,899,0,1812.1288
1986,L_820,820,1,1812.1288
958,F_855,855,0,1824.1359
997,F_918,918,0,1824.1653
2018,L_876,876,1,1824.1653
2026,L_891,891,1,1824.1653
967,F_870,870,0,1824.2392
976,F_881,881,0,1824.2392
971,F_875,875,0,1828.2708
973,F_877,877,0,1828.2708
1001,F_924,924,0,1828.2708
1994,L_837,837,1,1828.2708
2042,L_917,917,1,1828.6414
1968,L_793,793,1,1829.0510
1976,L_807,807,1,1829.0510
2001,L_849,849,1,1829.0510
988,F_905,905,0,1830.5642
974,F_879,879,0,1830.7424
1884,L_680,680,1,1832.1160
2002,L_850,850,1,1832.1160
1993,L_835,835,1,1832.1939
1020,F_958,958,0,1833.8527
987,F_904,904,0,1834.4411
992,F_909,909,0,1835.2536
2003,L_853,853,1,1835.2536
978,F_888,888,0,1835.4822
990,F_907,907,0,1835.4822
2021,L_880,880,1,1835.6695
1003,F_929,929,0,1835.7956
2011,L_865,865,1,1835.7956
1977,L_808,808,1,1835.8335
989,F_906,906,0,1836.2182
1988,L_826,826,1,1836.2182
2020,L_879,879,1,1836.2182
982,F_894,894,0,1836.2686
1002,F_925,925,0,1836.4092
1008,F_934,934,0,1836.4092
1923,L_733,733,1,1836.4092
1969,L_799,799,1,1836.4092
1978,L_809,809,1,1836.4092
1961,L_784,784,1,1840.9404
983,F_896,896,0,1841.5187
1009,F_935,935,0,1841.5187
2033,L_904,904,1,1841.6669
977,F_886,886,0,1849.4227
3,F_1004,1004,0,1849.4937
2015,L_872,872,1,1849.4937
2024,L_888,888,1,1849.4937
2008,L_861,861,1,1850.1859
2022,L_881,881,1,1850.1859
991,F_908,908,0,1851.8494
1984,L_819,819,1,1853.1638
994,F_915,915,0,1855.5581
2029,L_896,896,1,1855.5581
998,F_921,921,0,1856.0484
2040,L_915,915,1,1856.3361
999,F_922,922,0,1860.3595
1012,F_941,941,0,1862.3800
1000,F_923,923,0,1862.4519
1024,F_965,965,0,1866.5900
963,F_863,863,0,1866.6050
2006,L_857,857,1,1866.6050
2055,L_935,935,1,1866.6050
1013,F_942,942,0,1866.6688
1006,F_932,932,0,1868.4998
1011,F_939,939,0,1868.4998
1963,L_786,786,1,1868.4998
1907,L_713,713,1,1868.5003
47,F_1077,1077,0,1869.5526
1025,F_968,968,0,1869.5526
1026,F_969,969,0,1869.5526
1847,L_624,624,1,1869.5526
1045,F_997,997,0,1869.7271
2028,L_894,894,1,1869.7271
1004,F_930,930,0,1870.7561
1018,F_953,953,0,1870.7561
2030,L_898,898,1,1870.7561
2016,L_873,873,1,1870.8706
981,F_893,893,0,1870.9250
2049,L_929,929,1,1870.9250
1015,F_947,947,0,1871.6110
995,F_916,916,0,1872.3490
1041,F_990,990,0,1872.9139
2054,L_934,934,1,1872.9139
2044,L_921,921,1,1873.0589
1021,F_959,959,0,1873.5261
2027,L_893,893,1,1873.5261
1019,F_955,955,0,1877.6468
1023,F_961,961,0,1877.7085
1871,L_658,658,1,1877.7095
1043,F_993,993,0,1880.0880
1044,F_994,994,0,1880.0880
993,F_911,911,0,1880.4126
6,F_1009,1009,0,1883.0142
1010,F_938,938,0,1883.0142
2043,L_918,918,1,1883.0142
1029,F_973,973,0,1891.8763
53,F_1084,1084,0,1899.9600
2036,L_907,907,1,1899.9600
1035,F_982,982,0,1900.4408
1016,F_948,948,0,1900.6827
1987,L_824,824,1,1900.6827
1005,F_931,931,0,1901.0484
2041,L_916,916,1,1901.0484
32,F_1055,1055,0,1901.0867
1040,F_989,989,0,1901.0867
2071,L_968,968,1,1901.0867
11,F_1015,1015,0,1901.8367
45,F_1075,1075,0,1901.8367
2023,L_886,886,1,1901.8367
1037,F_984,984,0,1902.6344
2059,L_942,942,1,1903.0692
1042,F_992,992,0,1903.1715
2046,L_923,923,1,1903.1715
25,F_1044,1044,0,1905.6183
2069,L_961,961,1,1906.3524
1014,F_946,946,0,1906.4401
2031,L_899,899,1,1906.4401
2039,L_911,911,1,1906.4401
2051,L_931,931,1,1906.5139
1039,F_988,988,0,1906.6188
1049,L_1004,1004,1,1906.6188
2066,L_958,958,1,1906.8196
1036,F_983,983,0,1908.6009
1808,L_575,575,1,1909.0685
2038,L_909,909,1,1909.7501
1022,F_960,960,0,1923.3281
9,F_1013,1013,0,1931.9439
71,F_1110,1110,0,1931.9439
2037,L_908,908,1,1932.2512
1,F_1001,1001,0,1934.5325
2050,L_930,930,1,1934.5325
1032,F_978,978,0,1935.1438
1017,F_952,952,0,1940.6281
1027,F_970,970,0,1940.6281
15,F_1023,1023,0,1941.2893
36,F_1061,1061,0,1941.3761
2025,L_890,890,1,1941.3761
19,F_1030,1030,0,1941.6380
2072,L_969,969,1,1941.6380
1033,F_979,979,0,1942.0358
2064,L_953,953,1,1942.3118
4,F_1005,1005,0,1950.0982
12,F_1017,1017,0,1950.0982
13,F_1018,1018,0,1950.0982
2084,L_987,987,1,1950.2418
2005,L_856,856,1,1951.3929
2058,L_941,941,1,1952.3575
2,F_1003,1003,0,1952.7383
16,F_1024,1024,0,1952.7383
37,F_1062,1062,0,1952.7383
1046,F_999,999,0,1952.7383
2061,L_947,947,1,1952.7383
2063,L_952,952,1,1952.7383
20,F_1032,1032,0,1953.1961
44,F_1074,1074,0,1953.1961
1066,L_1032,1032,1,1953.4088
2009,L_863,863,1,1953.5683
8,F_1012,1012,0,1954.2829
27,F_1047,1047,0,1954.2829
34,F_1059,1059,0,1954.2829
1080,L_1059,1059,1,1954.4164
2013,L_870,870,1,1958.7629
2057,L_939,939,1,1958.7629
2070,L_965,965,1,1958.7904
1028,F_971,971,0,1960.9905
10,F_1014,1014,0,1962.3673
1030,F_975,975,0,1962.4828
1034,F_980,980,0,1962.4828
1975,L_803,803,1,1962.4828
2083,L_984,984,1,1962.4828
24,F_1041,1041,0,1962.4831
1833,L_605,605,1,1962.4831
26,F_1046,1046,0,1965.5342
5,F_1008,1008,0,1965.6461
7,F_1011,1011,0,1965.6461
1057,L_1015,1015,1,1965.6461
2014,L_871,871,1,1965.6461
2078,L_978,978,1,1965.6461
2082,L_983,983,1,1965.6461
18,F_1029,1029,0,1965.6878
28,F_1051,1051,0,1965.6878
30,F_1053,1053,0,1965.6878
31,F_1054,1054,0,1965.6878
1980,L_812,812,1,1965.6878
2012,L_866,866,1,1965.6878
2091,L_997,997,1,1965.8078
1056,L_1014,1014,1,1965.8248
38,F_1065,1065,0,1966.0706
1082,L_1061,1061,1,1966.0719
21,F_1034,1034,0,1970.0255
23,F_1040,1040,0,1970.0255
39,F_1066,1066,0,1970.0255
1065,L_1030,1030,1,1970.0808
17,F_1027,1027,0,1972.0861
29,F_1052,1052,0,1972.0861
1952,L_769,769,1,1972.0861
2073,L_970,970,1,1972.0861
2086,L_989,989,1,1972.0861
1061,L_1023,1023,1,1972.1119
2074,L_971,971,1,1972.1119
1053,L_1011,1011,1,1972.1530
1059,L_1018,1018,1,1972.1956
2090,L_994,994,1,1972.1956
1069,L_1040,1040,1,1975.5264
2047,L_924,924,1,1975.5264
42,F_1072,1072,0,1979.4455
1072,L_1046,1046,1,1979.8162
40,F_1070,1070,0,1980.1710
2067,L_959,959,1,1980.1710
33,F_1056,1056,0,1980.1715
1071,L_1044,1044,1,1980.1715
1935,L_749,749,1,1987.4106
2085,L_988,988,1,1987.4106
78,F_1121,1121,0,1987.5601
41,F_1071,1071,0,1988.6599
1052,L_1009,1009,1,1988.6599
1062,L_1024,1024,1,1988.6599
1074,L_1051,1051,1,1988.6699
1093,L_1077,1077,1,1988.6699
2081,L_982,982,1,1989.4781
1048,L_1003,1003,1,1989.7103
1054,L_1012,1012,1,1989.7103
2048,L_925,925,1,1989.7103
2079,L_979,979,1,1989.7103
56,F_1087,1087,0,1992.1684
1077,L_1054,1054,1,1992.5794
50,F_1080,1080,0,1993.1815
1067,L_1034,1034,1,1993.1815
1070,L_1041,1041,1,1993.3262
48,F_1078,1078,0,1994.7199
49,F_1079,1079,0,1994.7199
1064,L_1029,1029,1,1994.7199
22,F_1039,1039,0,1997.6892
35,F_1060,1060,0,1997.6892
1063,L_1027,1027,1,1997.6892
1083,L_1062,1062,1,1997.6892
1094,L_1078,1078,1,1997.7404
1050,L_1005,1005,1,1997.7725
46,F_1076,1076,0,1999.9576
1084,L_1065,1065,1,2000.0078
1091,L_1075,1075,1,2000.0078
2089,L_993,993,1,2000.9845
55,F_1086,1086,0,2003.7169
51,F_1082,1082,0,2005.4778
2056,L_938,938,1,2005.4778
82,F_1128,1128,0,2009.3877
57,F_1088,1088,0,2010.3649
1078,L_1055,1055,1,2010.3658
1096,L_1080,1080,1,2010.3658
1099,L_1084,1084,1,2010.3658
58,F_1089,1089,0,2013.3685
62,F_1097,1097,0,2024.9520
2076,L_975,975,1,2024.9520
1007,F_933,933,0,2028.5755
72,F_1111,1111,0,2031.1112
1079,L_1056,1056,1,2031.1112
1981,L_813,813,1,2031.1112
2034,L_905,905,1,2031.1112
2080,L_980,980,1,2031.1112
54,F_1085,1085,0,2031.1339
1076,L_1053,1053,1,2031.1339
60,F_1093,1093,0,2034.4030
1055,L_1013,1013,1,2034.4030
2075,L_973,973,1,2038.4286
1104,L_1089,1089,1,2038.8568
1087,L_1071,1071,1,2038.9603
1090,L_1074,1074,1,2038.9603
68,F_1106,1106,0,2040.8260
65,F_1101,1101,0,2047.3874
73,F_1112,1112,0,2047.3874
64,F_1099,1099,0,2051.6611
80,F_1124,1124,0,2052.5866
2052,L_932,932,1,2053.3984
1073,L_1047,1047,1,2053.6824
1126,L_1124,1124,1,2053.6824
59,F_1091,1091,0,2053.7155
1075,L_1052,1052,1,2054.5471
1092,L_1076,1076,1,2054.5471
1103,L_1088,1088,1,2054.5471
75,F_1117,1117,0,2055.3017
1097,L_1082,1082,1,2055.3017
1047,L_1001,1001,1,2055.7618
2068,L_960,960,1,2056.7264
221,F_1311,1311,0,2060.7857
1795,L_560,560,1,2063.8642
1088,L_1072,1072,1,2064.2390
124,F_1183,1183,0,2066.4262
2004,L_855,855,1,2067.9049
2019,L_877,877,1,2067.9049
43,F_1073,1073,0,2070.5303
61,F_1095,1095,0,2078.7548
87,F_1134,1134,0,2078.7548
1102,L_1087,1087,1,2078.7548
63,F_1098,1098,0,2092.2702
14,F_1020,1020,0,2093.2617
84,F_1130,1130,0,2093.2617
1095,L_1079,1079,1,2093.2617
67,F_1105,1105,0,2093.3131
1081,L_1060,1060,1,2093.4494
2035,L_906,906,1,2093.4496
91,F_1139,1139,0,2096.5670
89,F_1137,1137,0,2096.6058
90,F_1138,1138,0,2100.1799
1105,L_1091,1091,1,2100.2522
1111,L_1101,1101,1,2100.2522
1089,L_1073,1073,1,2100.5261
79,F_1123,1123,0,2101.6793
99,F_1151,1151,0,2101.6793
116,F_1173,1173,0,2113.0292
74,F_1116,1116,0,2116.6858
77,F_1120,1120,0,2116.6858
96,F_1147,1147,0,2116.6858
88,F_1136,1136,0,2118.7187
83,F_1129,1129,0,2119.0978
66,F_1102,1102,0,2119.2241
76,F_1118,1118,0,2119.2241
93,F_1143,1143,0,2119.2241
115,F_1172,1172,0,2119.2241
1118,L_1111,1111,1,2119.2241
1107,L_1095,1095,1,2119.5010
1113,L_1105,1105,1,2119.7084
1086,L_1070,1070,1,2120.3578
1106,L_1093,1093,1,2122.0583
1068,L_1039,1039,1,2122.5232
1122,L_1118,1118,1,2122.5232
1128,L_1128,1128,1,2122.5232
103,F_1156,1156,0,2122.5514
97,F_1148,1148,0,2122.9185
1170,L_1183,1183,1,2122.9185
1100,L_1085,1085,1,2124.1997
101,F_1154,1154,0,2124.8795
104,F_1157,1157,0,2124.8795
109,F_1161,1161,0,2125.1350
110,F_1165,1165,0,2125.1350
2065,L_955,955,1,2128.0481
1112,L_1102,1102,1,2128.0496
117,F_1174,1174,0,2128.0504
1136,L_1138,1138,1,2128.0508
92,F_1141,1141,0,2128.1039
98,F_1149,1149,0,2128.1039
81,F_1127,1127,0,2132.6809
85,F_1131,1131,0,2132.6809
86,F_1132,1132,0,2132.7568
1121,L_1117,1117,1,2134.0724
69,F_1107,1107,0,2136.2793
129,F_1190,1190,0,2136.2793
1108,L_1097,1097,1,2136.2793
1129,L_1129,1129,1,2136.2793
1143,L_1148,1148,1,2136.4442
52,F_1083,1083,0,2145.4338
1149,L_1156,1156,1,2145.4338
111,F_1166,1166,0,2145.8234
100,F_1153,1153,0,2145.9678
102,F_1155,1155,0,2146.1151
114,F_1170,1170,0,2146.1151
1101,L_1086,1086,1,2146.1178
1155,L_1161,1161,1,2146.1185
1123,L_1120,1120,1,2147.1595
119,F_1178,1178,0,2148.0134
106,F_1159,1159,0,2163.1692
1144,L_1149,1149,1,2163.2882
1147,L_1154,1154,1,2163.2882
134,F_1195,1195,0,2164.4326
120,F_1179,1179,0,2165.8602
1119,L_1112,1112,1,2165.8602
95,F_1146,1146,0,2165.9584
1148,L_1155,1155,1,2165.9584
118,F_1176,1176,0,2166.0163
1781,L_538,538,1,2166.0163
1135,L_1137,1137,1,2166.0584
105,F_1158,1158,0,2166.8856
94,F_1145,1145,0,2167.6559
135,F_1196,1196,0,2168.2895
1114,L_1106,1106,1,2168.5494
1161,L_1172,1172,1,2168.5494
1058,L_1017,1017,1,2170.7717
125,F_1185,1185,0,2170.9686
1150,L_1157,1157,1,2170.9697
130,F_1191,1191,0,2171.8553
146,F_1210,1210,0,2178.9049
126,F_1186,1186,0,2179.4285
1171,L_1185,1185,1,2179.6664
1152,L_1159,1159,1,2179.6693
108,F_1160,1160,0,2179.9386
121,F_1180,1180,0,2184.0809
166,F_1239,1239,0,2184.0809
131,F_1192,1192,0,2184.3774
1141,L_1146,1146,1,2184.4503
122,F_1181,1181,0,2185.6201
128,F_1189,1189,0,2185.6201
1145,L_1151,1151,1,2185.6201
132,F_1193,1193,0,2189.1254
1140,L_1145,1145,1,2189.1661
1139,L_1143,1143,1,2189.1668
144,F_1208,1208,0,2196.8308
2017,L_875,875,1,2197.1331
151,F_1216,1216,0,2202.1117
139,F_1201,1201,0,2203.4640
2087,L_990,990,1,2203.4640
1130,L_1130,1130,1,2203.5023
140,F_1203,1203,0,2203.5543
1132,L_1132,1132,1,2203.9699
1151,L_1158,1158,1,2203.9699
136,F_1197,1197,0,2204.5075
2060,L_946,946,1,2204.5075
138,F_1200,1200,0,2223.2376
148,F_1212,1212,0,2223.2387
1125,L_1123,1123,1,2223.2387
1134,L_1136,1136,1,2223.2387
1137,L_1139,1139,1,2223.2387
1167,L_1180,1180,1,2223.2445
143,F_1207,1207,0,2234.6483
1120,L_1116,1116,1,2234.6483
2088,L_992,992,1,2234.6658
141,F_1205,1205,0,2234.8945
1176,L_1191,1191,1,2234.8973
150,F_1214,1214,0,2234.8976
137,F_1199,1199,0,2239.1817
1168,L_1181,1181,1,2239.1817
1192,L_1210,1210,1,2239.1817
123,F_1182,1182,0,2239.5085
142,F_1206,1206,0,2242.5608
1157,L_1166,1166,1,2243.4175
1177,L_1192,1192,1,2244.1347
1124,L_1121,1121,1,2244.6852
155,F_1221,1221,0,2244.8487
162,F_1232,1232,0,2244.8487
149,F_1213,1213,0,2245.1834
1110,L_1099,1099,1,2246.4214
1162,L_1173,1173,1,2246.4214
153,F_1219,1219,0,2247.1923
1160,L_1170,1170,1,2247.1945
147,F_1211,1211,0,2247.2730
1133,L_1134,1134,1,2247.2730
1154,L_1160,1160,1,2247.2730
152,F_1217,1217,0,2247.4450
156,F_1224,1224,0,2249.9009
177,F_1251,1251,0,2253.5992
159,F_1229,1229,0,2253.6860
171,F_1245,1245,0,2253.6860
1117,L_1110,1110,1,2253.6860
158,F_1228,1228,0,2253.7864
1051,L_1008,1008,1,2253.7879
161,F_1231,1231,0,2254.3118
180,F_1254,1254,0,2255.4483
1185,L_1201,1201,1,2256.9437
167,F_1240,1240,0,2265.2915
174,F_1248,1248,0,2265.2915
112,F_1169,1169,0,2266.5347
168,F_1241,1241,0,2266.5347
165,F_1237,1237,0,2266.6274
1212,L_1239,1239,1,2266.6274
1199,L_1219,1219,1,2267.1769
1194,L_1212,1212,1,2267.1775
164,F_1236,1236,0,2267.4068
1115,L_1107,1107,1,2267.4068
1178,L_1193,1193,1,2267.5506
191,F_1272,1272,0,2270.0591
1204,L_1228,1228,1,2270.0591
1217,L_1245,1245,1,2270.0591
1142,L_1147,1147,1,2270.2638
1172,L_1186,1186,1,2270.3321
1195,L_1213,1213,1,2270.3321
1127,L_1127,1127,1,2270.7312
1175,L_1190,1190,1,2270.7312
185,F_1263,1263,0,2272.6381
1201,L_1221,1221,1,2273.0016
1169,L_1182,1182,1,2273.2478
179,F_1253,1253,0,2273.8354
170,F_1243,1243,0,2273.8428
186,F_1264,1264,0,2276.1006
169,F_1242,1242,0,2277.8439
173,F_1247,1247,0,2277.8439
1146,L_1153,1153,1,2277.8450
1156,L_1165,1165,1,2277.8450
1180,L_1195,1195,1,2277.8450
157,F_1226,1226,0,2280.0883
183,F_1258,1258,0,2280.0883
1190,L_1208,1208,1,2280.7579
178,F_1252,1252,0,2281.2134
175,F_1249,1249,0,2281.2255
1181,L_1196,1196,1,2281.3372
1131,L_1131,1131,1,2281.4564
182,F_1257,1257,0,2283.2837
1214,L_1241,1241,1,2283.6902
172,F_1246,1246,0,2283.7438
133,F_1194,1194,0,2286.2312
1229,L_1258,1258,1,2286.3087
2062,L_948,948,1,2286.3087
176,F_1250,1250,0,2287.8004
1210,L_1236,1236,1,2287.8004
181,F_1256,1256,0,2289.8613
190,F_1271,1271,0,2290.0413
1187,L_1205,1205,1,2290.0413
1203,L_1226,1226,1,2290.0413
1219,L_1247,1247,1,2290.2881
194,F_1275,1275,0,2291.2782
187,F_1265,1265,0,2292.7261
1211,L_1237,1237,1,2292.7261
196,F_1279,1279,0,2297.0303
205,F_1289,1289,0,2297.0303
193,F_1274,1274,0,2303.8626
1197,L_1216,1216,1,2304.5207
1231,L_1263,1263,1,2304.5207
1223,L_1251,1251,1,2305.2768
189,F_1268,1268,0,2306.4185
192,F_1273,1273,0,2306.5288
2092,L_999,999,1,2306.5288
188,F_1267,1267,0,2306.8584
200,F_1283,1283,0,2306.8584
184,F_1262,1262,0,2306.9523
202,F_1285,1285,0,2306.9523
1182,L_1197,1197,1,2307.7065
1098,L_1083,1083,1,2307.8353
1183,L_1199,1199,1,2307.8925
1236,L_1271,1271,1,2307.8925
259,F_1363,1363,0,2313.4391
214,F_1302,1302,0,2318.0181
1184,L_1200,1200,1,2318.0181
1163,L_1174,1174,1,2318.2578
1215,L_1242,1242,1,2318.2578
1225,L_1253,1253,1,2318.2578
1230,L_1262,1262,1,2318.4499
2053,L_933,933,1,2319.9989
245,F_1346,1346,0,2323.2296
1166,L_1179,1179,1,2323.7126
1216,L_1243,1243,1,2323.7126
195,F_1278,1278,0,2323.7875
1158,L_1169,1169,1,2323.7875
1238,L_1273,1273,1,2323.7875
1240,L_1275,1275,1,2323.8017
1164,L_1176,1176,1,2323.8981
1193,L_1211,1211,1,2323.8981
1207,L_1231,1231,1,2323.8981
208,F_1296,1296,0,2330.2891
1186,L_1203,1203,1,2331.0917
198,F_1281,1281,0,2331.7958
201,F_1284,1284,0,2336.0267
206,F_1292,1292,0,2341.0681
1246,L_1283,1283,1,2341.7165
222,F_1312,1312,0,2342.4464
217,F_1307,1307,0,2343.4471
333,F_1469,1469,0,2343.4471
224,F_1317,1317,0,2345.4909
1208,L_1232,1232,1,2345.4909
219,F_1309,1309,0,2346.6260
1237,L_1272,1272,1,2346.6260
204,F_1288,1288,0,2347.3495
207,F_1294,1294,0,2360.4137
212,F_1300,1300,0,2361.3673
210,F_1298,1298,0,2361.4618
1138,L_1141,1141,1,2361.6851
203,F_1286,1286,0,2362.0659
1189,L_1207,1207,1,2362.3153
1224,L_1252,1252,1,2362.3156
1260,L_1302,1302,1,2362.3156
1228,L_1257,1257,1,2364.4974
218,F_1308,1308,0,2366.8147
1226,L_1254,1254,1,2366.8147
1239,L_1274,1274,1,2367.0542
1244,L_1281,1281,1,2367.0542
1256,L_1298,1298,1,2367.5636
1202,L_1224,1224,1,2371.3701
1234,L_1267,1267,1,2371.5434
199,F_1282,1282,0,2373.5748
1235,L_1268,1268,1,2375.0246
229,F_1323,1323,0,2375.0326
209,F_1297,1297,0,2375.7718
1250,L_1288,1288,1,2377.0879
220,F_1310,1310,0,2381.6725
1085,L_1066,1066,1,2381.6725
1245,L_1282,1282,1,2382.3635
213,F_1301,1301,0,2392.2562
215,F_1303,1303,0,2393.0350
1261,L_1303,1303,1,2393.1204
1305,L_1363,1363,1,2393.3684
1218,L_1246,1246,1,2393.5541
1213,L_1240,1240,1,2394.9776
230,F_1324,1324,0,2401.1715
238,F_1334,1334,0,2402.7635
233,F_1328,1328,0,2405.4987
237,F_1333,1333,0,2405.4987
242,F_1340,1340,0,2406.0895
253,F_1356,1356,0,2406.0895
1288,L_1340,1340,1,2406.2506
211,F_1299,1299,0,2411.5228
225,F_1319,1319,0,2411.5228
232,F_1326,1326,0,2414.3781
279,F_1395,1395,0,2416.1661
1241,L_1278,1278,1,2416.1661
227,F_1321,1321,0,2422.0763
234,F_1329,1329,0,2422.6382
254,F_1357,1357,0,2422.6382
223,F_1316,1316,0,2422.6666
236,F_1331,1331,0,2422.6666
243,F_1341,1341,0,2422.6666
261,F_1365,1365,0,2422.6666
1264,L_1308,1308,1,2422.6675
1251,L_1289,1289,1,2422.7486
1268,L_1312,1312,1,2422.7486
299,F_1425,1425,0,2434.4571
1289,L_1341,1341,1,2434.4571
263,F_1368,1368,0,2434.9296
256,F_1359,1359,0,2435.6725
1205,L_1229,1229,1,2435.6725
1284,L_1334,1334,1,2435.7178
1221,L_1249,1249,1,2436.6968
250,F_1353,1353,0,2436.8136
1196,L_1214,1214,1,2436.8136
1249,L_1286,1286,1,2436.8136
1283,L_1333,1333,1,2436.8136
228,F_1322,1322,0,2439.6204
251,F_1354,1354,0,2439.6204
252,F_1355,1355,0,2439.6204
267,F_1371,1371,0,2440.7706
1248,L_1285,1285,1,2440.7706
257,F_1360,1360,0,2443.1151
235,F_1330,1330,0,2443.2116
272,F_1381,1381,0,2443.3469
216,F_1305,1305,0,2443.5068
1265,L_1309,1309,1,2444.4032
1279,L_1328,1328,1,2444.5523
127,F_1187,1187,0,2445.9168
240,F_1337,1337,0,2458.4324
239,F_1335,1335,0,2458.4653
1267,L_1311,1311,1,2458.4653
247,F_1348,1348,0,2460.4300
248,F_1349,1349,0,2460.4300
1270,L_1317,1317,1,2460.4666
255,F_1358,1358,0,2460.6283
266,F_1370,1370,0,2463.3078
163,F_1233,1233,0,2468.5956
258,F_1361,1361,0,2468.7655
1233,L_1265,1265,1,2469.1462
280,F_1396,1396,0,2469.1468
1280,L_1329,1329,1,2469.1468
1309,L_1368,1368,1,2469.7164
226,F_1320,1320,0,2475.7180
1253,L_1294,1294,1,2476.3538
1257,L_1299,1299,1,2476.3538
260,F_1364,1364,0,2476.9406
262,F_1367,1367,0,2481.9602
1306,L_1364,1364,1,2482.2428
269,F_1377,1377,0,2484.0806
1252,L_1292,1292,1,2484.0806
1274,L_1322,1322,1,2484.3669
1222,L_1250,1250,1,2485.6538
1232,L_1264,1264,1,2485.6538
268,F_1372,1372,0,2485.6941
281,F_1397,1397,0,2485.6941
231,F_1325,1325,0,2485.8187
307,F_1436,1436,0,2485.8187
1275,L_1323,1323,1,2485.9703
271,F_1379,1379,0,2486.2687
1353,L_1436,1436,1,2486.3103
1272,L_1320,1320,1,2486.8079
1173,L_1187,1187,1,2486.8314
270,F_1378,1378,0,2486.8332
289,F_1414,1414,0,2486.8332
1263,L_1307,1307,1,2487.1632
288,F_1413,1413,0,2487.7573
323,F_1455,1455,0,2487.7573
1294,L_1349,1349,1,2487.7573
1326,L_1396,1396,1,2487.7573
264,F_1369,1369,0,2488.3316
2077,L_976,976,1,2488.3316
1299,L_1356,1356,1,2488.4378
1307,L_1365,1365,1,2488.4378
1314,L_1372,1372,1,2488.4378
1262,L_1305,1305,1,2489.6080
275,F_1390,1390,0,2499.9560
276,F_1392,1392,0,2500.9822
290,F_1416,1416,0,2500.9822
310,F_1439,1439,0,2502.7596
244,F_1343,1343,0,2503.0144
1303,L_1360,1360,1,2503.0144
285,F_1404,1404,0,2511.8424
282,F_1398,1398,0,2512.0016
1281,L_1330,1330,1,2512.0016
1301,L_1358,1358,1,2512.0018
1276,L_1324,1324,1,2512.2533
304,F_1430,1430,0,2512.6336
278,F_1394,1394,0,2513.5165
274,F_1388,1388,0,2513.6758
277,F_1393,1393,0,2513.6758
283,F_1401,1401,0,2513.6758
284,F_1402,1402,0,2513.6758
295,F_1421,1421,0,2513.6758
296,F_1422,1422,0,2513.6758
298,F_1424,1424,0,2513.6758
301,F_1428,1428,0,2513.6758
463,F_1664,1664,0,2513.6758
1255,L_1297,1297,1,2513.6758
1282,L_1331,1331,1,2513.6758
315,F_1447,1447,0,2513.9668
1259,L_1301,1301,1,2513.9668
305,F_1431,1431,0,2514.3512
1273,L_1321,1321,1,2514.3512
294,F_1420,1420,0,2515.5309
308,F_1437,1437,0,2517.5241
322,F_1454,1454,0,2518.3400
1329,L_1401,1401,1,2518.3414
1293,L_1348,1348,1,2518.3886
314,F_1446,1446,0,2553.0276
318,F_1450,1450,0,2553.0276
324,F_1456,1456,0,2553.0276
286,F_1406,1406,0,2553.1220
300,F_1426,1426,0,2553.1220
311,F_1441,1441,0,2553.1220
287,F_1409,1409,0,2553.2282
319,F_1451,1451,0,2553.8826
326,F_1458,1458,0,2553.8826
327,F_1459,1459,0,2553.8826
291,F_1418,1418,0,2554.1364
1304,L_1361,1361,1,2554.3902
297,F_1423,1423,0,2554.4256
302,F_1429,1429,0,2554.4256
313,F_1445,1445,0,2554.4551
306,F_1434,1434,0,2555.7026
1296,L_1353,1353,1,2556.1377
1327,L_1397,1397,1,2556.1377
1291,L_1346,1346,1,2556.1627
1312,L_1370,1370,1,2556.2635
1328,L_1398,1398,1,2556.2635
470,F_1673,1673,0,2556.5794
1271,L_1319,1319,1,2556.5794
1310,L_1369,1369,1,2556.9136
1179,L_1194,1194,1,2557.0822
1285,L_1335,1335,1,2557.0822
1370,L_1456,1456,1,2557.0822
325,F_1457,1457,0,2567.5542
1334,L_1413,1413,1,2567.5542
312,F_1444,1444,0,2569.3785
320,F_1452,1452,0,2569.3785
332,F_1468,1468,0,2569.3785
292,F_1419,1419,0,2569.5538
1313,L_1371,1371,1,2569.5538
1322,L_1392,1392,1,2569.5538
1337,L_1418,1418,1,2569.5538
1351,L_1431,1431,1,2569.5538
1340,L_1420,1420,1,2570.4693
1350,L_1430,1430,1,2570.4693
1298,L_1355,1355,1,2571.7454
1302,L_1359,1359,1,2571.7454
1354,L_1437,1437,1,2571.7454
273,F_1386,1386,0,2572.9824
321,F_1453,1453,0,2574.3078
329,F_1461,1461,0,2574.5731
351,F_1494,1494,0,2574.5731
1315,L_1377,1377,1,2574.5731
331,F_1466,1466,0,2575.1237
330,F_1462,1462,0,2575.2928
336,F_1472,1472,0,2575.2928
1333,L_1409,1409,1,2575.2928
1308,L_1367,1367,1,2576.4148
1320,L_1388,1388,1,2577.5696
1325,L_1395,1395,1,2577.5696
1359,L_1445,1445,1,2577.9511
1366,L_1452,1452,1,2577.9511
360,F_1507,1507,0,2578.6397
337,F_1474,1474,0,2578.8293
338,F_1475,1475,0,2578.8293
1335,L_1414,1414,1,2578.9311
1344,L_1424,1424,1,2578.9311
1365,L_1451,1451,1,2578.9311
1375,L_1461,1461,1,2578.9311
1342,L_1422,1422,1,2579.0311
343,F_1482,1482,0,2581.4674
340,F_1477,1477,0,2594.6477
1382,L_1472,1472,1,2594.8324
344,F_1484,1484,0,2601.5109
1356,L_1439,1439,1,2602.1474
335,F_1471,1471,0,2603.1757
1336,L_1416,1416,1,2603.1795
1369,L_1455,1455,1,2603.1795
350,F_1493,1493,0,2608.9629
1323,L_1393,1393,1,2608.9629
1361,L_1447,1447,1,2608.9629
361,F_1508,1508,0,2609.0463
1300,L_1357,1357,1,2609.0463
1338,L_1419,1419,1,2609.0463
1345,L_1425,1425,1,2609.2895
359,F_1506,1506,0,2621.5014
348,F_1489,1489,0,2625.2037
334,F_1470,1470,0,2625.3121
349,F_1491,1491,0,2625.3121
364,F_1511,1511,0,2628.6182
375,F_1526,1526,0,2629.1878
1319,L_1386,1386,1,2629.1878
1377,L_1466,1466,1,2629.2406
1397,L_1494,1494,1,2629.2406
339,F_1476,1476,0,2632.8822
1368,L_1454,1454,1,2632.8980
246,F_1347,1347,0,2632.9469
341,F_1479,1479,0,2632.9469
346,F_1486,1486,0,2633.0376
1394,L_1489,1489,1,2633.0376
1999,L_846,846,1,2633.0376
345,F_1485,1485,0,2633.7630
347,F_1487,1487,0,2633.7630
1384,L_1475,1475,1,2633.8702
1406,L_1507,1507,1,2633.8702
352,F_1495,1495,0,2635.0444
1376,L_1462,1462,1,2635.0444
354,F_1497,1497,0,2635.7158
1374,L_1460,1460,1,2635.7731
362,F_1509,1509,0,2635.9685
1343,L_1423,1423,1,2635.9699
1393,L_1487,1487,1,2636.7380
1346,L_1426,1426,1,2636.7920
373,F_1524,1524,0,2636.9116
363,F_1510,1510,0,2636.9503
1060,L_1020,1020,1,2636.9740
366,F_1513,1513,0,2637.6489
367,F_1514,1514,0,2637.6489
368,F_1515,1515,0,2637.6489
1383,L_1474,1474,1,2637.7286
369,F_1518,1518,0,2637.8451
1332,L_1406,1406,1,2638.2880
1348,L_1429,1429,1,2638.2880
353,F_1496,1496,0,2638.5137
371,F_1521,1521,0,2638.5137
1385,L_1476,1476,1,2640.0401
1258,L_1300,1300,1,2640.1944
365,F_1512,1512,0,2640.2611
1316,L_1378,1378,1,2641.4738
1367,L_1453,1453,1,2642.3400
374,F_1525,1525,0,2647.3980
380,F_1533,1533,0,2647.4767
316,F_1448,1448,0,2647.5514
376,F_1527,1527,0,2647.5514
1399,L_1496,1496,1,2647.5766
1413,L_1514,1514,1,2647.5766
1408,L_1509,1509,1,2647.7014
378,F_1531,1531,0,2648.1498
1341,L_1421,1421,1,2648.1498
1392,L_1486,1486,1,2648.1498
1378,L_1468,1468,1,2648.2263
1410,L_1511,1511,1,2648.2263
358,F_1503,1503,0,2649.4247
406,F_1568,1568,0,2649.4247
1944,L_758,758,1,2649.4247
383,F_1536,1536,0,2693.3312
1357,L_1441,1441,1,2693.3312
1411,L_1512,1512,1,2693.6787
382,F_1535,1535,0,2693.8035
2045,L_922,922,1,2714.7674
379,F_1532,1532,0,2718.7385
372,F_1523,1523,0,2719.3644
1390,L_1484,1484,1,2720.8322
1266,L_1310,1310,1,2721.3829
1317,L_1379,1379,1,2721.3829
381,F_1534,1534,0,2724.4620
1347,L_1428,1428,1,2724.6339
1362,L_1448,1448,1,2724.6339
1371,L_1457,1457,1,2724.6339
1352,L_1434,1434,1,2725.1128
415,F_1586,1586,0,2728.3605
398,F_1559,1559,0,2735.9994
1401,L_1498,1498,1,2736.0037
388,F_1547,1547,0,2736.1225
1398,L_1495,1495,1,2736.1225
1358,L_1444,1444,1,2736.2952
389,F_1548,1548,0,2743.0403
1400,L_1497,1497,1,2743.0757
390,F_1549,1549,0,2753.0911
1434,L_1547,1547,1,2753.0911
1331,L_1404,1404,1,2753.6849
387,F_1546,1546,0,2753.7998
1247,L_1284,1284,1,2753.7998
392,F_1550,1550,0,2756.1620
1355,L_1438,1438,1,2756.8819
1391,L_1485,1485,1,2756.8819
1428,L_1535,1535,1,2756.8819
400,F_1560,1560,0,2765.4910
404,F_1565,1565,0,2765.7606
357,F_1500,1500,0,2766.6958
397,F_1558,1558,0,2767.5892
401,F_1561,1561,0,2767.5892
1227,L_1256,1256,1,2767.6994
394,F_1554,1554,0,2768.4949
386,F_1545,1545,0,2771.2762
402,F_1562,1562,0,2771.4077
385,F_1544,1544,0,2773.1665
396,F_1557,1557,0,2773.1665
1381,L_1471,1471,1,2773.1665
448,F_1638,1638,0,2781.1287
393,F_1553,1553,0,2781.2293
1424,L_1531,1531,1,2781.4366
1448,L_1562,1562,1,2781.5163
1360,L_1446,1446,1,2782.2100
1443,L_1558,1558,1,2782.2100
416,F_1590,1590,0,2782.5687
356,F_1499,1499,0,2782.6504
384,F_1543,1543,0,2782.6504
408,F_1571,1571,0,2782.6504
411,F_1576,1576,0,2782.8172
1440,L_1554,1554,1,2782.8172
414,F_1581,1581,0,2785.2746
410,F_1575,1575,0,2786.6403
407,F_1570,1570,0,2788.7968
413,F_1580,1580,0,2791.2354
395,F_1555,1555,0,2791.4392
1427,L_1534,1534,1,2793.3606
1387,L_1479,1479,1,2793.7345
412,F_1579,1579,0,2794.2078
1422,L_1527,1527,1,2794.2078
418,F_1593,1593,0,2794.5410
1277,L_1325,1325,1,2794.5410
1412,L_1513,1513,1,2794.5410
1494,L_1638,1638,1,2794.7800
405,F_1566,1566,0,2795.3183
1321,L_1390,1390,1,2796.4906
1453,L_1570,1570,1,2798.3695
1439,L_1553,1553,1,2798.8274
1269,L_1316,1316,1,2800.7060
1318,L_1381,1381,1,2800.8450
425,F_1600,1600,0,2801.3534
1420,L_1525,1525,1,2802.9763
1165,L_1178,1178,1,2803.3313
409,F_1572,1572,0,2804.6185
423,F_1599,1599,0,2805.1517
429,F_1607,1607,0,2805.8782
403,F_1563,1563,0,2811.9855
1372,L_1458,1458,1,2811.9855
1380,L_1470,1470,1,2811.9855
1395,L_1491,1491,1,2811.9855
1403,L_1500,1500,1,2812.0573
1417,L_1521,1521,1,2812.0573
1456,L_1575,1575,1,2812.0807
1426,L_1533,1533,1,2813.5971
1449,L_1563,1563,1,2814.5985
427,F_1603,1603,0,2814.6872
446,F_1635,1635,0,2815.7891
1430,L_1543,1543,1,2815.7891
1441,L_1555,1555,1,2815.7891
494,F_1716,1716,0,2824.9036
421,F_1597,1597,0,2825.1544
1438,L_1550,1550,1,2825.1544
420,F_1596,1596,0,2825.1621
1290,L_1343,1343,1,2825.4195
1404,L_1503,1503,1,2825.4195
417,F_1591,1591,0,2825.5822
422,F_1598,1598,0,2825.7217
477,F_1684,1684,0,2830.0086
419,F_1594,1594,0,2830.4660
426,F_1601,1601,0,2830.4660
432,F_1610,1610,0,2830.4667
1463,L_1591,1591,1,2830.4667
1472,L_1601,1601,1,2830.4667
1421,L_1526,1526,1,2830.7929
1418,L_1523,1523,1,2830.7959
1465,L_1594,1594,1,2831.1700
1459,L_1580,1580,1,2831.4625
1324,L_1394,1394,1,2831.6790
430,F_1608,1608,0,2831.8217
436,F_1618,1618,0,2832.9016
431,F_1609,1609,0,2832.9044
1297,L_1354,1354,1,2832.9044
1405,L_1506,1506,1,2832.9044
1330,L_1402,1402,1,2833.7916
428,F_1606,1606,0,2834.0622
1429,L_1536,1536,1,2834.0622
1452,L_1568,1568,1,2834.0622
441,F_1628,1628,0,2834.5296
497,F_1733,1733,0,2840.0067
1462,L_1590,1590,1,2840.6770
1386,L_1477,1477,1,2844.7743
435,F_1615,1615,0,2845.1018
1482,L_1618,1618,1,2845.4629
433,F_1612,1612,0,2845.5758
479,F_1686,1686,0,2845.5758
442,F_1629,1629,0,2851.5490
504,F_1751,1751,0,2858.4709
438,F_1622,1622,0,2858.5140
439,F_1624,1624,0,2858.5760
466,F_1669,1669,0,2858.5984
1415,L_1518,1518,1,2858.5984
1454,L_1571,1571,1,2858.5984
440,F_1627,1627,0,2858.8161
1466,L_1596,1596,1,2858.8161
443,F_1630,1630,0,2859.4079
1292,L_1347,1347,1,2859.4079
1469,L_1599,1599,1,2860.2042
453,F_1648,1648,0,2860.2165
502,F_1748,1748,0,2860.2165
1373,L_1459,1459,1,2860.2165
1407,L_1508,1508,1,2860.2165
1478,L_1610,1610,1,2860.2165
1447,L_1561,1561,1,2861.2086
444,F_1632,1632,0,2861.2486
1516,L_1673,1673,1,2861.2486
445,F_1634,1634,0,2861.3757
1461,L_1586,1586,1,2861.3757
437,F_1621,1621,0,2864.4958
452,F_1646,1646,0,2864.6613
451,F_1645,1645,0,2865.1414
1471,L_1600,1600,1,2865.1414
447,F_1637,1637,0,2873.5014
450,F_1644,1644,0,2876.2290
1483,L_1621,1621,1,2876.9354
464,F_1665,1665,0,2889.0613
454,F_1650,1650,0,2889.2448
455,F_1651,1651,0,2889.2448
1654,L_361,361,1,2889.2448
1468,L_1598,1598,1,2889.6319
1479,L_1612,1612,1,2889.6319
449,F_1641,1641,0,2889.6677
456,F_1652,1652,0,2889.6677
493,F_1710,1710,0,2889.6677
1242,L_1279,1279,1,2889.6677
1489,L_1630,1630,1,2889.6677
1509,L_1664,1664,1,2889.6677
458,F_1654,1654,0,2890.2335
434,F_1614,1614,0,2891.3208
473,F_1677,1677,0,2891.3208
1389,L_1482,1482,1,2891.3208
1409,L_1510,1510,1,2891.3208
1432,L_1545,1545,1,2891.3208
1450,L_1565,1565,1,2891.3208
1457,L_1576,1576,1,2891.3208
1476,L_1608,1608,1,2891.3208
1484,L_1622,1622,1,2891.3208
1492,L_1635,1635,1,2891.3208
1460,L_1581,1581,1,2891.5882
1488,L_1629,1629,1,2891.5882
457,F_1653,1653,0,2891.8134
1467,L_1597,1597,1,2892.1403
1497,L_1645,1645,1,2892.1403
459,F_1657,1657,0,2892.3850
1487,L_1628,1628,1,2892.5076
1442,L_1557,1557,1,2893.4796
1496,L_1644,1644,1,2893.4796
465,F_1667,1667,0,2893.9190
1498,L_1646,1646,1,2894.1052
460,F_1660,1660,0,2896.0738
1495,L_1641,1641,1,2896.2837
1254,L_1296,1296,1,2896.4287
1491,L_1634,1634,1,2896.4287
1506,L_1660,1660,1,2897.0156
461,F_1661,1661,0,2897.5902
468,F_1671,1671,0,2897.5902
1480,L_1614,1614,1,2897.5902
1490,L_1632,1632,1,2897.5902
1499,L_1648,1648,1,2897.5902
1514,L_1671,1671,1,2897.8804
471,F_1675,1675,0,2898.0079
474,F_1678,1678,0,2898.0079
1475,L_1607,1607,1,2898.1804
1220,L_1248,1248,1,2898.9586
475,F_1679,1679,0,2900.0221
472,F_1676,1676,0,2900.9195
1286,L_1337,1337,1,2901.4602
469,F_1672,1672,0,2906.1694
476,F_1682,1682,0,2906.1694
478,F_1685,1685,0,2906.1694
483,F_1694,1694,0,2906.1694
490,F_1708,1708,0,2906.1694
1493,L_1637,1637,1,2906.1694
498,F_1734,1734,0,2907.2535
1198,L_1217,1217,1,2907.2535
1414,L_1515,1515,1,2907.2535
1473,L_1603,1603,1,2907.2535
1519,L_1677,1677,1,2907.2535
1379,L_1469,1469,1,2908.0447
1486,L_1627,1627,1,2908.0447
1502,L_1652,1652,1,2908.0447
1507,L_1661,1661,1,2908.4206
1946,L_761,761,1,2948.8162
462,F_1662,1662,0,2950.8121
1455,L_1572,1572,1,2950.8121
1518,L_1676,1676,1,2951.8211
480,F_1687,1687,0,2951.9194
482,F_1693,1693,0,2953.7373
485,F_1698,1698,0,2953.9344
484,F_1696,1696,0,2954.3836
1544,L_1734,1734,1,2956.0064
1517,L_1675,1675,1,2956.0347
487,F_1703,1703,0,2956.7520
491,F_1709,1709,0,2956.7520
1526,L_1687,1687,1,2956.7782
1508,L_1662,1662,1,2957.3880
489,F_1707,1707,0,2957.6951
1540,L_1716,1716,1,2957.7482
1188,L_1206,1206,1,2980.9156
1524,L_1685,1685,1,2980.9156
507,F_1770,1770,0,2983.8308
508,F_1779,1779,0,2983.8308
1522,L_1682,1682,1,2983.8308
486,F_1702,1702,0,2983.9867
1364,L_1450,1450,1,2983.9867
1451,L_1566,1566,1,2983.9867
1477,L_1609,1609,1,2983.9867
1511,L_1667,1667,1,2983.9867
1515,L_1672,1672,1,2983.9867
1109,L_1098,1098,1,3004.8259
1464,L_1593,1593,1,3004.8259
1504,L_1654,1654,1,3004.8259
1425,L_1532,1532,1,3007.5494
1532,L_1702,1702,1,3007.5494
1510,L_1665,1665,1,3008.9572
1520,L_1678,1678,1,3008.9572
1530,L_1696,1696,1,3008.9572
1537,L_1709,1709,1,3008.9572
1548,L_1748,1748,1,3008.9572
1435,L_1548,1548,1,3008.9661
1446,L_1560,1560,1,3008.9661
499,F_1736,1736,0,3021.7807
1550,L_1751,1751,1,3021.7831
495,F_1729,1729,0,3023.7970
500,F_1738,1738,0,3023.7970
1500,L_1650,1650,1,3023.7970
1505,L_1657,1657,1,3023.7970
1529,L_1694,1694,1,3023.7970
1533,L_1703,1703,1,3023.7970
1209,L_1233,1233,1,3024.1716
1536,L_1708,1708,1,3024.1716
1543,L_1733,1733,1,3024.2703
1433,L_1546,1546,1,3024.5786
1474,L_1606,1606,1,3024.5786
1481,L_1615,1615,1,3024.5786
1528,L_1693,1693,1,3024.5786
488,F_1705,1705,0,3076.7077
1512,L_1669,1669,1,3076.7077
501,F_1747,1747,0,3077.5941
1278,L_1326,1326,1,3077.5941
1521,L_1679,1679,1,3079.2591
1547,L_1747,1747,1,3080.5227
1402,L_1499,1499,1,3099.7461
1419,L_1524,1524,1,3099.7461
1444,L_1559,1559,1,3099.7461
1503,L_1653,1653,1,3099.7461
1458,L_1579,1579,1,3101.1263
1485,L_1624,1624,1,3101.1263
1501,L_1651,1651,1,3101.1263
1523,L_1684,1684,1,3101.1263
1545,L_1736,1736,1,3101.1311
1554,L_1779,1779,1,3101.1311
1396,L_1493,1493,1,3105.9928
1525,L_1686,1686,1,3105.9928
1541,L_1729,1729,1,3105.9928
1174,L_1189,1189,1,3106.2428
1436,L_1549,1549,1,3106.2428
1546,L_1738,1738,1,3106.2428
1553,L_1770,1770,1,3106.2428
1535,L_1707,1707,1,3149.8302
1534,L_1705,1705,1,3154.1350
1431,L_1544,1544,1,3170.4629
1531,L_1698,1698,1,3170.4629
1539,L_1710,1710,1,3170.4629
